部门,车牌号,行驶里程,总里程,油耗,行驶时长,平均速度（KM/H）,急加速,急减速,急转弯,疲劳驾驶（次数）,夜间驾驶时长（H）,日期,驾驶行为评分,插拔
01有排行有提醒,皖AT0665,293.26,28864.8,33.1,10.16,28.86,88,84,3,0,0.33,2020/3/1,80.95,未拔出
01有排行有提醒,皖AT0568,144.29,21572.95,21.27,6.78,21.28,36,108,1,0,0,2020/3/1,70.76,未拔出
01有排行有提醒,皖AT0650,132.2,28688.47,15.51,4.93,26.82,36,39,2,0,0,2020/3/1,74.25,未拔出
01有排行有提醒,皖AT0628,121.02,14634.78,17.26,5.12,23.64,26,53,0,0,1.29,2020/3/1,53.3,未拔出
01有排行有提醒,皖AT0599,108.09,21042.51,13.26,5.25,20.59,24,75,2,0,0,2020/3/1,75.71,未拔出
01有排行有提醒,皖AT0619,31.33,11632.82,3.74,0.8,39.16,34,14,1,0,0,2020/3/1,68.15,未拔出
01有排行有提醒,皖AT0642,17.76,3519.37,2.15,0.67,26.51,1,13,0,0,0,2020/3/1,95.37,未拔出
01有排行有提醒,粤B3R80W,15.34,6777.83,1.27,0.72,21.31,26,15,3,0,0,2020/3/1,77.48,未拔出
01有排行有提醒,粤L39ES3,0.05,7509.21,0.07,0.02,2.5,0,0,0,0,0,2020/3/1,99.93,未拔出
01有排行有提醒,皖AT0609,0,6.93,0,0,0,0,0,0,0,0,2020/3/1,0,未拔出
01有排行有提醒,皖AT0547,0,29895.17,0,0,0,0,0,0,0,0,2020/3/1,100,未拔出
01有排行有提醒,皖AT0600,0,24732.7,0,0,0,0,0,0,0,0,2020/3/1,100,未拔出
01有排行有提醒,粤BH218W,0,0.74,0,0,0,0,0,0,0,0,2020/3/1,100,未拔出
01有排行有提醒,粤S45B27,0,1156.57,0,0,0,0,0,0,0,0,2020/3/1,100,未拔出
01有排行有提醒,粤LBY602,0,1037.63,0,0,0,0,0,0,0,0,2020/3/1,100,未拔出
01有排行有提醒,皖AT0626,0,5588.74,0,0,0,0,0,0,0,0,2020/3/1,100,未拔出
01有排行有提醒,皖AT0553,0,15191.04,0,0,0,0,0,0,0,0,2020/3/1,100,未拔出
01有排行有提醒,粤B2K335,0,4902.93,0,0,0,0,0,0,0,0,2020/3/1,100,未拔出
01有排行有提醒,粤B048RX,0,387.38,0,0,0,0,0,0,0,0,2020/3/1,0,未拔出
01有排行有提醒,粤BT2220,0,25180.01,0,0,0,0,0,0,0,0,2020/3/1,100,未拔出
01有排行有提醒,皖AT0665,304.42,29169.22,36.34,11.02,27.62,123,104,3,1,0.16,2020/3/2,62.19,未拔出
01有排行有提醒,皖AT0568,237.77,21810.72,32.65,10.16,23.4,46,113,2,0,0.67,2020/3/2,82.57,未拔出
01有排行有提醒,皖AT0619,194.97,11827.79,23.99,5.72,34.09,207,104,26,0,0,2020/3/2,47.52,未拔出
01有排行有提醒,皖AT0650,101.8,28790.27,11.19,3.37,30.21,18,21,2,0,2.68,2020/3/2,79.37,未拔出
01有排行有提醒,皖AT0628,58.48,14693.26,10.75,4,14.62,24,19,1,1,0.22,2020/3/2,55.51,未拔出
01有排行有提醒,皖AT0599,39.04,21081.55,4.74,1.74,22.44,4,22,0,0,0,2020/3/2,73.95,未拔出
01有排行有提醒,粤B3R80W,25.01,6802.84,2.28,1.52,16.45,29,25,8,0,0,2020/3/2,91.71,未拔出
01有排行有提醒,皖AT0642,10.87,3530.24,1.36,0.38,28.61,5,6,0,0,0.02,2020/3/2,93.72,未拔出
01有排行有提醒,皖AT0609,0,6.93,0,0,0,0,0,0,0,0,2020/3/2,0,未拔出
01有排行有提醒,皖AT0547,0,29895.17,0,0,0,0,0,0,0,0,2020/3/2,100,未拔出
01有排行有提醒,皖AT0600,0,24732.7,0,0,0,0,0,0,0,0,2020/3/2,100,未拔出
01有排行有提醒,粤BH218W,0,0.74,0,0,0,0,0,0,0,0,2020/3/2,100,未拔出
01有排行有提醒,粤S45B27,0,1156.57,0,0,0,0,0,0,0,0,2020/3/2,100,未拔出
01有排行有提醒,粤LBY602,0,1037.63,0,0,0,0,0,0,0,0,2020/3/2,100,未拔出
01有排行有提醒,皖AT0626,0,5588.74,0,0,0,0,0,0,0,0,2020/3/2,100,未拔出
01有排行有提醒,粤B048RX,0,387.38,0,0,0,0,0,0,0,0,2020/3/2,0,未拔出
01有排行有提醒,皖AT0553,0,15191.04,0,0,0,0,0,0,0,0,2020/3/2,100,未拔出
01有排行有提醒,粤L39ES3,0,7509.21,0,0,0,0,0,0,0,0,2020/3/2,100,未拔出
01有排行有提醒,粤B2K335,0,4902.93,0,0,0,0,0,0,0,0,2020/3/2,100,未拔出
01有排行有提醒,粤BT2220,0,25180.01,0,0,0,0,0,0,0,0,2020/3/2,100,未拔出
01有排行有提醒,皖AT0665,310.08,29479.3,35.08,10.8,28.71,125,158,7,0,0,2020/3/3,75.71,未拔出
01有排行有提醒,皖AT0568,198.36,22009.08,26.93,8.17,24.28,72,94,1,0,0.12,2020/3/3,80.5,未拔出
01有排行有提醒,皖AT0650,175.26,28965.53,20.24,7.44,23.56,44,46,4,0,3.22,2020/3/3,72.73,未拔出
01有排行有提醒,皖AT0599,121.72,21203.27,14.08,5.24,23.23,18,65,0,1,0,2020/3/3,69.8,未拔出
01有排行有提醒,皖AT0619,119.98,11947.77,15.72,4.17,28.77,192,101,29,0,0,2020/3/3,52.2,未拔出
01有排行有提醒,皖AT0628,87.2,14780.46,12.77,3.95,22.08,15,32,1,0,0.86,2020/3/3,71.18,未拔出
01有排行有提醒,粤B3R80W,20.05,6822.89,1.7,1,20.05,25,15,8,0,0.33,2020/3/3,87.27,未拔出
01有排行有提醒,皖AT0642,4.43,3534.67,0.55,0.19,23.32,2,2,0,0,0,2020/3/3,95.84,未拔出
01有排行有提醒,皖AT0553,0.12,15191.16,1.56,1,0.12,0,0,0,0,0,2020/3/3,96.96,未拔出
01有排行有提醒,皖AT0609,0,6.93,0,0,0,0,0,0,0,0,2020/3/3,0,未拔出
01有排行有提醒,皖AT0547,0,29895.17,0,0,0,0,0,0,0,0,2020/3/3,100,未拔出
01有排行有提醒,皖AT0600,0,24732.7,0,0,0,0,0,0,0,0,2020/3/3,100,未拔出
01有排行有提醒,粤BH218W,0,0.74,0,0,0,0,0,0,0,0,2020/3/3,100,未拔出
01有排行有提醒,粤S45B27,0,1156.57,0,0,0,0,0,0,0,0,2020/3/3,100,未拔出
01有排行有提醒,粤LBY602,0,1037.63,0,0,0,0,0,0,0,0,2020/3/3,100,未拔出
01有排行有提醒,皖AT0626,0,5588.74,0,0,0,0,0,0,0,0,2020/3/3,100,未拔出
01有排行有提醒,粤B048RX,0,387.38,0,0,0,0,0,0,0,0,2020/3/3,0,未拔出
01有排行有提醒,粤L39ES3,0,7509.21,0,0,0,0,0,0,0,0,2020/3/3,100,未拔出
01有排行有提醒,粤B2K335,0,4902.93,0,0,0,0,0,0,0,0,2020/3/3,100,未拔出
01有排行有提醒,粤BT2220,0,25180.01,0,0,0,0,0,0,0,0,2020/3/3,100,未拔出
01有排行有提醒,皖AT0665,240.06,29719.36,30.45,10.5,22.86,68,93,3,0,0.69,2020/3/4,77.65,未拔出
01有排行有提醒,皖AT0568,210.69,22219.77,28.78,9.02,23.36,52,118,2,0,1.43,2020/3/4,83.96,未拔出
01有排行有提醒,皖AT0650,139.68,29105.21,14.89,4.49,31.11,27,21,1,0,1.72,2020/3/4,59.94,未拔出
01有排行有提醒,皖AT0599,118.94,21322.21,14.3,5.71,20.83,35,110,1,0,0,2020/3/4,74.56,未拔出
01有排行有提醒,皖AT0619,54.54,12002.31,7.6,2.21,24.68,101,60,11,0,0,2020/3/4,56.38,未拔出
01有排行有提醒,皖AT0642,28.28,3562.95,3.42,1.09,25.94,5,16,0,0,0,2020/3/4,92.81,未拔出
01有排行有提醒,粤B3R80W,8.96,6831.85,0.76,0.52,17.23,9,6,1,0,0,2020/3/4,87.75,未拔出
01有排行有提醒,粤L39ES3,0.03,7509.24,0.05,0.04,0.75,0,0,0,0,0,2020/3/4,99.87,未拔出
01有排行有提醒,皖AT0628,0,14780.46,0,0,0,0,0,0,0,0,2020/3/4,100,未拔出
01有排行有提醒,皖AT0609,0,6.93,0,0,0,0,0,0,0,0,2020/3/4,0,未拔出
01有排行有提醒,皖AT0547,0,29895.17,0,0,0,0,0,0,0,0,2020/3/4,100,未拔出
01有排行有提醒,皖AT0600,0,24732.7,0,0,0,0,0,0,0,0,2020/3/4,100,未拔出
01有排行有提醒,粤BH218W,0,0.74,0,0,0,0,0,0,0,0,2020/3/4,100,未拔出
01有排行有提醒,粤S45B27,0,1156.57,0,0,0,0,0,0,0,0,2020/3/4,100,未拔出
01有排行有提醒,粤LBY602,0,1037.63,0,0,0,0,0,0,0,0,2020/3/4,100,未拔出
01有排行有提醒,皖AT0626,0,5588.74,0,0,0,0,0,0,0,0,2020/3/4,100,未拔出
01有排行有提醒,粤B048RX,0,387.38,0,0,0,0,0,0,0,0,2020/3/4,0,未拔出
01有排行有提醒,皖AT0553,0,15191.16,0,0,0,0,0,0,0,0,2020/3/4,100,未拔出
01有排行有提醒,粤B2K335,0,4902.93,0,0,0,0,0,0,0,0,2020/3/4,100,未拔出
01有排行有提醒,粤BT2220,0,25180.01,0,0,0,0,0,0,0,0,2020/3/4,100,未拔出
01有排行有提醒,皖AT0665,314.79,30034.15,37.42,12.21,25.78,94,116,3,0,0.64,2020/3/5,77.35,未拔出
01有排行有提醒,皖AT0568,175.78,22395.55,25.03,8.64,20.34,59,98,2,0,1.04,2020/3/5,83.67,未拔出
01有排行有提醒,皖AT0628,150.46,14930.92,22.49,7.4,20.33,40,72,0,2,2.36,2020/3/5,25.66,未拔出
01有排行有提醒,皖AT0553,145.85,15337.01,20.27,6.59,22.13,81,41,1,0,0,2020/3/5,83,未拔出
01有排行有提醒,皖AT0599,137.09,21459.3,16.89,6.5,21.09,40,129,1,0,0,2020/3/5,66.2,未拔出
01有排行有提醒,皖AT0650,118.67,29223.88,13.59,4.83,24.57,34,48,6,0,1.93,2020/3/5,83.78,未拔出
01有排行有提醒,皖AT0642,66.21,3629.16,7.08,1.61,41.12,2,21,2,0,0,2020/3/5,78.18,未拔出
01有排行有提醒,粤B3R80W,32.05,6863.9,2.87,1.85,17.32,31,23,4,0,0.28,2020/3/5,88.39,未拔出
01有排行有提醒,皖AT0619,22.94,12025.25,3.23,0.94,24.4,26,9,1,0,0,2020/3/5,76.97,未拔出
01有排行有提醒,皖AT0609,0,6.93,0,0,0,0,0,0,0,0,2020/3/5,0,未拔出
01有排行有提醒,皖AT0547,0,29895.17,0,0,0,0,0,0,0,0,2020/3/5,100,未拔出
01有排行有提醒,皖AT0600,0,24732.7,0,0,0,0,0,0,0,0,2020/3/5,100,未拔出
01有排行有提醒,粤BH218W,0,0.74,0,0,0,0,0,0,0,0,2020/3/5,100,未拔出
01有排行有提醒,粤S45B27,0,1156.57,0,0,0,0,0,0,0,0,2020/3/5,100,未拔出
01有排行有提醒,粤LBY602,0,1037.63,0,0,0,0,0,0,0,0,2020/3/5,100,未拔出
01有排行有提醒,皖AT0626,0,5588.74,0,0,0,0,0,0,0,0,2020/3/5,100,未拔出
01有排行有提醒,粤B048RX,0,387.38,0,0,0,0,0,0,0,0,2020/3/5,0,未拔出
01有排行有提醒,粤L39ES3,0,7509.24,0,0,0,0,0,0,0,0,2020/3/5,100,未拔出
01有排行有提醒,粤B2K335,0,4902.93,0,0,0,0,0,0,0,0,2020/3/5,100,未拔出
01有排行有提醒,粤BT2220,0,25180.01,0,0,0,0,0,0,0,0,2020/3/5,100,未拔出
01有排行有提醒,皖AT0665,297.32,30331.47,34.82,11.01,27,93,76,3,0,0.48,2020/3/6,77.13,未拔出
01有排行有提醒,皖AT0599,208.14,21667.44,22.77,7.64,27.24,37,135,3,0,1.43,2020/3/6,80.32,未拔出
01有排行有提醒,皖AT0568,176.06,22571.61,23.81,7.36,23.92,30,113,1,0,1.28,2020/3/6,77.4,未拔出
01有排行有提醒,皖AT0628,145.38,15076.3,22.05,7.24,20.08,30,50,1,2,2.65,2020/3/6,43.47,未拔出
01有排行有提醒,皖AT0553,95.65,15432.66,14.25,5.45,17.55,43,38,1,0,0,2020/3/6,87.22,未拔出
01有排行有提醒,皖AT0650,49.55,29273.43,4.59,4.24,11.69,1,1,0,0,0,2020/3/6,89.88,未拔出
01有排行有提醒,粤B3R80W,19.75,6883.65,1.61,1.06,18.63,20,17,3,0,0,2020/3/6,88.22,未拔出
01有排行有提醒,皖AT0642,11.18,3640.34,1.52,0.51,21.92,1,2,1,0,0,2020/3/6,96.53,未拔出
01有排行有提醒,皖AT0609,0,6.93,0,0,0,0,0,0,0,0,2020/3/6,0,未拔出
01有排行有提醒,皖AT0547,0,29895.17,0,0,0,0,0,0,0,0,2020/3/6,100,未拔出
01有排行有提醒,皖AT0619,0,12025.25,0,0,0,0,0,0,0,0,2020/3/6,100,未拔出
01有排行有提醒,皖AT0600,0,24732.7,0,0,0,0,0,0,0,0,2020/3/6,100,未拔出
01有排行有提醒,粤BH218W,0,0.74,0,0,0,0,0,0,0,0,2020/3/6,100,未拔出
01有排行有提醒,粤S45B27,0,1156.57,0,0,0,0,0,0,0,0,2020/3/6,100,未拔出
01有排行有提醒,粤LBY602,0,1037.63,0,0,0,0,0,0,0,0,2020/3/6,100,未拔出
01有排行有提醒,皖AT0626,0,5588.74,0,0,0,0,0,0,0,0,2020/3/6,100,未拔出
01有排行有提醒,粤B048RX,0,387.38,0,0,0,0,0,0,0,0,2020/3/6,0,未拔出
01有排行有提醒,粤L39ES3,0,7509.24,0,0,0,0,0,0,0,0,2020/3/6,100,未拔出
01有排行有提醒,粤B2K335,0,4902.93,0,0,0,0,0,0,0,0,2020/3/6,100,未拔出
01有排行有提醒,粤BT2220,0,25180.01,0,0,0,0,0,0,0,0,2020/3/6,100,未拔出
01有排行有提醒,皖AT0665,232.41,30563.88,29.25,10.01,23.22,77,137,2,0,0,2020/3/7,75.47,未拔出
01有排行有提醒,粤B3R80W,231.57,7115.22,13.5,6.07,38.15,58,81,33,1,1.44,2020/3/7,34.53,未拔出
01有排行有提醒,皖AT0599,177.26,21844.7,19.44,6.97,25.43,28,123,1,1,0.45,2020/3/7,53.39,未拔出
01有排行有提醒,皖AT0568,171.28,22742.89,21.72,6.63,25.83,24,67,1,0,0.45,2020/3/7,88.74,未拔出
01有排行有提醒,皖AT0553,150.47,15583.13,19.71,6.25,24.08,77,76,0,0,1.22,2020/3/7,68.98,未拔出
01有排行有提醒,皖AT0628,134.03,15210.33,18.98,6.28,21.34,28,52,0,1,1.32,2020/3/7,49.32,未拔出
01有排行有提醒,皖AT0650,98.24,29371.67,9.78,2.4,40.93,14,11,0,0,0.76,2020/3/7,83.87,未拔出
01有排行有提醒,皖AT0619,23.4,12048.65,3.55,0.85,27.53,31,24,2,0,0,2020/3/7,65.4,未拔出
01有排行有提醒,皖AT0642,11.34,3651.68,1.65,0.63,18,0,0,1,0,0,2020/3/7,96.79,未拔出
01有排行有提醒,皖AT0600,0,24732.7,0,0,0,0,0,0,0,0,2020/3/7,100,未拔出
01有排行有提醒,皖AT0547,0,29895.17,0,0,0,0,0,0,0,0,2020/3/7,100,未拔出
01有排行有提醒,皖AT0609,0,6.93,0,0,0,0,0,0,0,0,2020/3/7,0,未拔出
01有排行有提醒,粤BH218W,0,0.74,0,0,0,0,0,0,0,0,2020/3/7,100,未拔出
01有排行有提醒,粤S45B27,0,1156.57,0,0,0,0,0,0,0,0,2020/3/7,100,未拔出
01有排行有提醒,粤LBY602,0,1037.63,0,0,0,0,0,0,0,0,2020/3/7,100,未拔出
01有排行有提醒,皖AT0626,0,5588.74,0,0,0,0,0,0,0,0,2020/3/7,100,未拔出
01有排行有提醒,粤L39ES3,0,7509.24,0.2,0.11,0,0,0,0,0,0,2020/3/7,0,未拔出
01有排行有提醒,粤B2K335,0,4902.93,0,0,0,0,0,0,0,0,2020/3/7,100,未拔出
01有排行有提醒,粤B048RX,0,387.38,0,0,0,0,0,0,0,0,2020/3/7,0,未拔出
01有排行有提醒,粤BT2220,0,25180.01,0,0,0,0,0,0,0,0,2020/3/7,100,未拔出
01有排行有提醒,皖AT0665,248.52,30812.4,28.31,9.53,26.08,117,141,2,0,0,2020/3/8,76.13,未拔出
01有排行有提醒,皖AT0599,185.68,22030.38,20.76,7.58,24.5,42,122,1,0,0,2020/3/8,72.38,未拔出
01有排行有提醒,皖AT0650,147.08,29518.75,16.27,5.19,28.34,37,35,2,0,2.57,2020/3/8,77.72,未拔出
01有排行有提醒,皖AT0568,133.87,22876.76,19.06,6.47,20.69,46,74,1,0,0.08,2020/3/8,83.69,未拔出
01有排行有提醒,粤B3R80W,91.45,7206.67,5.78,3.27,27.97,36,29,41,0,1.25,2020/3/8,69.89,未拔出
01有排行有提醒,皖AT0553,83.18,15666.31,10.7,3.38,24.61,34,45,2,0,0,2020/3/8,78.58,未拔出
01有排行有提醒,皖AT0628,34.61,15244.94,8.13,3.57,9.69,8,24,1,1,0,2020/3/8,66,未拔出
01有排行有提醒,皖AT0619,3.81,12052.46,0.85,0.29,13.14,6,3,1,0,0,2020/3/8,93.86,未拔出
01有排行有提醒,皖AT0609,0,6.93,0,0,0,0,0,0,0,0,2020/3/8,0,未拔出
01有排行有提醒,皖AT0547,0,29895.17,0,0,0,0,0,0,0,0,2020/3/8,100,未拔出
01有排行有提醒,皖AT0642,0,3651.68,0,0,0,0,0,0,0,0,2020/3/8,100,未拔出
01有排行有提醒,皖AT0600,0,24732.7,0,0,0,0,0,0,0,0,2020/3/8,100,未拔出
01有排行有提醒,粤BH218W,0,0.74,0,0,0,0,0,0,0,0,2020/3/8,100,未拔出
01有排行有提醒,粤S45B27,0,1156.57,0,0,0,0,0,0,0,0,2020/3/8,100,未拔出
01有排行有提醒,粤LBY602,0,1037.63,0,0,0,0,0,0,0,0,2020/3/8,100,未拔出
01有排行有提醒,皖AT0626,0,5588.74,0,0,0,0,0,0,0,0,2020/3/8,100,未拔出
01有排行有提醒,粤B048RX,0,387.38,0,0,0,0,0,0,0,0,2020/3/8,0,未拔出
01有排行有提醒,粤L39ES3,0,7509.24,0.03,0.03,0,0,0,0,0,0,2020/3/8,0,未拔出
01有排行有提醒,粤B2K335,0,4902.93,0,0,0,0,0,0,0,0,2020/3/8,100,未拔出
01有排行有提醒,粤BT2220,0,25180.01,0,0,0,0,0,0,0,0,2020/3/8,100,未拔出
01有排行有提醒,皖AT0665,309.61,31122.01,34.93,11.45,27.04,91,124,4,0,0.57,2020/3/9,76.46,未拔出
01有排行有提醒,皖AT0568,204.62,23081.38,29.72,9.56,21.4,47,86,0,0,1.29,2020/3/9,74.29,未拔出
01有排行有提醒,皖AT0642,196.38,3848.06,21.02,5.3,37.05,5,27,16,0,0,2020/3/9,87.08,未拔出
01有排行有提醒,皖AT0599,187.72,22218.1,21.84,8.14,23.06,51,131,0,1,0,2020/3/9,56.02,未拔出
01有排行有提醒,皖AT0553,83.35,15749.66,12.32,4.35,19.16,52,58,2,0,0,2020/3/9,79.43,未拔出
01有排行有提醒,皖AT0650,76,29594.75,7.93,2.5,30.4,2,9,0,0,0,2020/3/9,76.08,未拔出
01有排行有提醒,粤B3R80W,47.27,7253.94,3.51,2.38,19.86,23,28,1,0,0.77,2020/3/9,82.77,未拔出
01有排行有提醒,皖AT0628,41.44,15286.38,8.41,3.26,12.71,10,15,0,0,0,2020/3/9,84.75,未拔出
01有排行有提醒,皖AT0619,34.99,12087.45,6.13,1.88,18.61,59,29,1,0,0.56,2020/3/9,62.67,未拔出
01有排行有提醒,皖AT0609,0,6.93,0,0,0,0,0,0,0,0,2020/3/9,0,未拔出
01有排行有提醒,皖AT0547,0,29895.17,0,0,0,0,0,0,0,0,2020/3/9,100,未拔出
01有排行有提醒,皖AT0600,0,24732.7,0,0,0,0,0,0,0,0,2020/3/9,100,未拔出
01有排行有提醒,粤BH218W,0,0.74,0,0,0,0,0,0,0,0,2020/3/9,100,未拔出
01有排行有提醒,粤S45B27,0,1156.57,0,0,0,0,0,0,0,0,2020/3/9,100,未拔出
01有排行有提醒,粤LBY602,0,1037.63,0,0,0,0,0,0,0,0,2020/3/9,100,未拔出
01有排行有提醒,皖AT0626,0,5588.74,0,0,0,0,0,0,0,0,2020/3/9,100,未拔出
01有排行有提醒,粤B048RX,0,387.38,0,0,0,0,0,0,0,0,2020/3/9,0,未拔出
01有排行有提醒,粤L39ES3,0,7509.24,0,0,0,0,0,0,0,0,2020/3/9,100,未拔出
01有排行有提醒,粤B2K335,0,4902.93,0,0,0,0,0,0,0,0,2020/3/9,100,未拔出
01有排行有提醒,粤BT2220,0,25180.01,0,0,0,0,0,0,0,0,2020/3/9,100,未拔出
01有排行有提醒,皖AT0665,307.28,31429.29,36.51,11.61,26.47,134,225,3,2,0.15,2020/3/10,32.47,未拔出
01有排行有提醒,皖AT0568,226.09,23307.47,29.48,8.19,27.61,46,97,2,0,1.57,2020/3/10,76.23,未拔出
01有排行有提醒,皖AT0599,162.19,22380.29,18.2,6.35,25.54,32,85,2,0,0,2020/3/10,67.59,未拔出
01有排行有提醒,皖AT0628,130.78,15417.16,20.07,6.61,19.79,46,65,2,0,2.06,2020/3/10,72.19,未拔出
01有排行有提醒,皖AT0553,111.9,15861.56,15.29,4.84,23.12,68,81,1,0,0,2020/3/10,69.13,未拔出
01有排行有提醒,皖AT0650,107.21,29701.96,11.9,3.67,29.21,30,26,2,0,1.5,2020/3/10,79.86,未拔出
01有排行有提醒,皖AT0642,61.86,3909.92,5.84,1.23,50.29,3,16,2,0,0,2020/3/10,80.09,未拔出
01有排行有提醒,皖AT0619,57.54,12144.99,8.36,2.22,25.92,112,46,19,0,0,2020/3/10,58.32,未拔出
01有排行有提醒,粤B3R80W,17.07,7271.01,1.34,0.86,19.85,9,8,1,0,0.51,2020/3/10,89.45,未拔出
01有排行有提醒,皖AT0609,0,6.93,0,0,0,0,0,0,0,0,2020/3/10,0,未拔出
01有排行有提醒,皖AT0547,0,29895.17,0,0,0,0,0,0,0,0,2020/3/10,100,未拔出
01有排行有提醒,皖AT0600,0,24732.7,0,0,0,0,0,0,0,0,2020/3/10,100,未拔出
01有排行有提醒,粤BH218W,0,0.74,0,0,0,0,0,0,0,0,2020/3/10,100,未拔出
01有排行有提醒,粤S45B27,0,1156.57,0,0,0,0,0,0,0,0,2020/3/10,100,未拔出
01有排行有提醒,粤LBY602,0,1037.63,0,0,0,0,0,0,0,0,2020/3/10,100,未拔出
01有排行有提醒,皖AT0626,0,5588.74,0,0,0,0,0,0,0,0,2020/3/10,100,未拔出
01有排行有提醒,粤B048RX,0,387.38,0,0,0,0,0,0,0,0,2020/3/10,0,未拔出
01有排行有提醒,粤L39ES3,0,7509.24,0,0,0,0,0,0,0,0,2020/3/10,100,未拔出
01有排行有提醒,粤B2K335,0,4902.93,0,0,0,0,0,0,0,0,2020/3/10,100,未拔出
01有排行有提醒,粤BT2220,0,25180.01,0,0,0,0,0,0,0,0,2020/3/10,100,未拔出
01有排行有提醒,皖AT0568,355.72,23663.19,44.83,11.44,31.09,60,185,1,0,2.54,2020/3/11,70.38,未拔出
01有排行有提醒,皖AT0665,321.06,31750.35,37.16,12.2,26.32,133,272,4,2,0,2020/3/11,27.2,未拔出
01有排行有提醒,皖AT0599,174.17,22554.46,20.34,7.82,22.27,64,152,2,1,0,2020/3/11,50.85,未拔出
01有排行有提醒,皖AT0650,160.65,29862.61,15.92,4.27,37.62,32,22,2,0,2.23,2020/3/11,75.54,未拔出
01有排行有提醒,皖AT0553,131,15992.56,18.68,6.24,20.99,93,106,4,0,0,2020/3/11,68.4,未拔出
01有排行有提醒,皖AT0628,109.55,15526.71,19.5,7.19,15.24,34,59,0,1,0.82,2020/3/11,23.62,未拔出
01有排行有提醒,皖AT0642,83.09,3993.01,8.69,2.23,37.26,2,24,5,0,0,2020/3/11,84.08,未拔出
01有排行有提醒,粤BT2220,55.06,25235.07,18.13,3.03,18.17,30,10,0,0,0.78,2020/3/11,82.47,未拔出
01有排行有提醒,粤B3R80W,32.86,7303.87,2.61,1.63,20.16,25,19,2,0,0.44,2020/3/11,83.6,未拔出
01有排行有提醒,皖AT0619,31.85,12176.84,4.57,1.43,22.27,35,15,2,0,0,2020/3/11,81.6,未拔出
01有排行有提醒,皖AT0609,0,6.93,0,0,0,0,0,0,0,0,2020/3/11,0,未拔出
01有排行有提醒,皖AT0547,0,29895.17,0,0,0,0,0,0,0,0,2020/3/11,100,未拔出
01有排行有提醒,皖AT0600,0,24732.7,0,0,0,0,0,0,0,0,2020/3/11,100,未拔出
01有排行有提醒,粤BH218W,0,0.74,0,0,0,0,0,0,0,0,2020/3/11,100,未拔出
01有排行有提醒,粤S45B27,0,1156.57,0,0,0,0,0,0,0,0,2020/3/11,100,未拔出
01有排行有提醒,粤LBY602,0,1037.63,0,0,0,0,0,0,0,0,2020/3/11,100,未拔出
01有排行有提醒,皖AT0626,0,5588.74,0,0,0,0,0,0,0,0,2020/3/11,100,未拔出
01有排行有提醒,粤B048RX,0,387.38,0,0,0,0,0,0,0,0,2020/3/11,0,未拔出
01有排行有提醒,粤L39ES3,0,7509.24,0,0,0,0,0,0,0,0,2020/3/11,100,未拔出
01有排行有提醒,粤B2K335,0,4902.93,0,0,0,0,0,0,0,0,2020/3/11,100,未拔出
01有排行有提醒,皖AT0568,317.48,23980.67,43.28,13.37,23.75,85,163,1,0,2.43,2020/3/12,72.88,未拔出
01有排行有提醒,皖AT0665,292.51,32042.86,34.78,11.57,25.28,109,233,3,1,0.16,2020/3/12,63.64,未拔出
01有排行有提醒,皖AT0599,161,22715.46,18.38,7.05,22.84,57,124,1,0,0,2020/3/12,60.05,未拔出
01有排行有提醒,皖AT0642,158.03,4151.04,16.86,5.19,30.45,3,59,161,0,0,2020/3/12,66.26,未拔出
01有排行有提醒,皖AT0650,148.51,30011.12,15.85,4.76,31.2,24,37,0,0,2.28,2020/3/12,77.55,未拔出
01有排行有提醒,皖AT0553,138.38,16130.94,18.1,6.06,22.83,82,64,0,0,0.19,2020/3/12,76.6,未拔出
01有排行有提醒,皖AT0628,65.27,15591.98,10.87,3.77,17.31,29,53,1,0,0,2020/3/12,75.37,未拔出
01有排行有提醒,粤BT2220,55.44,25290.51,21.06,3.4,16.31,11,11,0,0,1.24,2020/3/12,83.82,未拔出
01有排行有提醒,皖AT0619,44.59,12221.43,5.81,1.7,26.23,67,41,15,0,0,2020/3/12,69.78,未拔出
01有排行有提醒,粤B3R80W,13.92,7317.79,1.12,0.76,18.32,3,8,0,0,0,2020/3/12,93.73,未拔出
01有排行有提醒,皖AT0547,0,29895.17,0,0,0,0,0,0,0,0,2020/3/12,100,未拔出
01有排行有提醒,皖AT0609,0,6.93,0,0,0,0,0,0,0,0,2020/3/12,0,未拔出
01有排行有提醒,皖AT0600,0,24732.7,0,0,0,0,0,0,0,0,2020/3/12,100,未拔出
01有排行有提醒,粤BH218W,0,0.74,0,0,0,0,0,0,0,0,2020/3/12,100,未拔出
01有排行有提醒,粤S45B27,0,1156.57,0,0,0,0,0,0,0,0,2020/3/12,100,未拔出
01有排行有提醒,粤LBY602,0,1037.63,0,0,0,0,0,0,0,0,2020/3/12,100,未拔出
01有排行有提醒,皖AT0626,0,5588.74,0,0,0,0,0,0,0,0,2020/3/12,100,未拔出
01有排行有提醒,粤B048RX,0,387.38,0,0,0,0,0,0,0,0,2020/3/12,0,未拔出
01有排行有提醒,粤L39ES3,0,7509.24,0,0,0,0,0,0,0,0,2020/3/12,100,未拔出
01有排行有提醒,粤B2K335,0,4902.93,0,0,0,0,0,0,0,0,2020/3/12,100,未拔出
01有排行有提醒,皖AT0568,330.52,24311.19,41.85,11.51,28.72,48,144,1,0,6.82,2020/3/13,56.97,未拔出
01有排行有提醒,皖AT0665,274.88,32317.74,32.09,11.1,24.76,121,139,5,0,0,2020/3/13,81.93,未拔出
01有排行有提醒,皖AT0628,206.21,15798.19,27.67,7.51,27.46,57,70,0,1,2.69,2020/3/13,63.89,未拔出
01有排行有提醒,皖AT0599,160.39,22875.85,19.01,7.21,22.25,45,131,0,1,0,2020/3/13,52.65,未拔出
01有排行有提醒,皖AT0650,145.42,30156.54,15.86,4.28,33.98,24,21,0,0,0.72,2020/3/13,79.29,未拔出
01有排行有提醒,皖AT0553,107.11,16238.05,14.34,4.54,23.59,53,38,2,0,0,2020/3/13,77.25,未拔出
01有排行有提醒,皖AT0619,51.37,12272.8,7.81,2.22,23.14,97,61,5,0,0.17,2020/3/13,52.13,未拔出
01有排行有提醒,粤BT2220,36.39,25326.9,13.34,2.34,15.55,15,9,0,0,0.69,2020/3/13,82.48,未拔出
01有排行有提醒,粤B3R80W,34.72,7352.51,2.92,1.9,18.27,23,23,3,0,0,2020/3/13,89.36,未拔出
01有排行有提醒,皖AT0642,0,4151.04,0,0,0,0,0,0,0,0,2020/3/13,100,未拔出
01有排行有提醒,皖AT0609,0,6.93,0,0,0,0,0,0,0,0,2020/3/13,0,未拔出
01有排行有提醒,皖AT0600,0,24732.7,0,0,0,0,0,0,0,0,2020/3/13,100,未拔出
01有排行有提醒,皖AT0547,0,29895.17,0,0,0,0,0,0,0,0,2020/3/13,100,未拔出
01有排行有提醒,粤BH218W,0,0.74,0,0,0,0,0,0,0,0,2020/3/13,100,未拔出
01有排行有提醒,粤S45B27,0,1156.57,0,0,0,0,0,0,0,0,2020/3/13,100,未拔出
01有排行有提醒,粤LBY602,0,1037.63,0,0,0,0,0,0,0,0,2020/3/13,100,未拔出
01有排行有提醒,皖AT0626,0,5588.74,0,0,0,0,0,0,0,0,2020/3/13,100,未拔出
01有排行有提醒,粤B048RX,0,387.38,0,0,0,0,0,0,0,0,2020/3/13,0,未拔出
01有排行有提醒,粤L39ES3,0,7509.24,0,0,0,0,0,0,0,0,2020/3/13,100,未拔出
01有排行有提醒,粤B2K335,0,4902.93,0,0,0,0,0,0,0,0,2020/3/13,100,未拔出
01有排行有提醒,皖AT0665,306.11,32623.85,33.47,10.18,30.07,90,104,4,0,0.37,2020/3/14,82.36,未拔出
01有排行有提醒,皖AT0568,170.12,24481.31,22.62,7.18,23.69,28,49,0,0,1.51,2020/3/14,75.9,未拔出
01有排行有提醒,皖AT0650,138.25,30294.79,13.79,8.08,17.11,15,14,1,1,1,2020/3/14,80,未拔出
01有排行有提醒,皖AT0599,131.69,23007.54,15.39,5.87,22.43,35,120,0,1,0,2020/3/14,67.71,未拔出
01有排行有提醒,皖AT0628,126.15,15924.34,18.34,5.39,23.4,33,90,1,0,0.56,2020/3/14,70.4,未拔出
01有排行有提醒,皖AT0553,80.58,16318.63,12.11,4.71,17.11,60,59,5,0,0,2020/3/14,82.22,未拔出
01有排行有提醒,粤B3R80W,49.8,7402.31,4.06,3.32,15,28,26,0,0,1.31,2020/3/14,83.83,未拔出
01有排行有提醒,皖AT0619,8.08,12280.88,1.63,0.37,21.84,7,1,0,0,0.19,2020/3/14,93.12,未拔出
01有排行有提醒,皖AT0642,0,4151.04,0,0,0,0,0,0,0,0,2020/3/14,100,未拔出
01有排行有提醒,皖AT0609,0,6.93,0,0,0,0,0,0,0,0,2020/3/14,0,未拔出
01有排行有提醒,皖AT0547,0,29895.17,0,0,0,0,0,0,0,0,2020/3/14,100,未拔出
01有排行有提醒,皖AT0600,0,24732.7,0,0,0,0,0,0,0,0,2020/3/14,100,未拔出
01有排行有提醒,粤BH218W,0,0.74,0,0,0,0,0,0,0,0,2020/3/14,100,未拔出
01有排行有提醒,粤S45B27,0,1156.57,0,0,0,0,0,0,0,0,2020/3/14,100,未拔出
01有排行有提醒,粤LBY602,0,1037.63,0,0,0,0,0,0,0,0,2020/3/14,100,未拔出
01有排行有提醒,皖AT0626,0,5588.74,0,0,0,0,0,0,0,0,2020/3/14,100,未拔出
01有排行有提醒,粤B048RX,0,387.38,0,0,0,0,0,0,0,0,2020/3/14,0,未拔出
01有排行有提醒,粤L39ES3,0,7509.24,0,0,0,0,0,0,0,0,2020/3/14,100,未拔出
01有排行有提醒,粤B2K335,0,4902.93,0,0,0,0,0,0,0,0,2020/3/14,100,未拔出
01有排行有提醒,粤BT2220,0,25326.9,0,0,0,0,0,0,0,0,2020/3/14,100,未拔出
01有排行有提醒,皖AT0665,373.82,32997.67,37.64,11.13,33.59,76,127,3,0,0.21,2020/3/15,76.44,未拔出
01有排行有提醒,皖AT0568,269.57,24750.88,35.72,11.02,24.46,63,89,2,0,1.36,2020/3/15,78.68,未拔出
01有排行有提醒,皖AT0599,174.56,23182.1,18.29,6.19,28.2,28,110,0,1,0,2020/3/15,54.5,未拔出
01有排行有提醒,皖AT0553,173.75,16492.38,19.24,5.45,31.88,68,73,2,0,0,2020/3/15,77.68,未拔出
01有排行有提醒,皖AT0650,150.8,30445.59,15.85,5.38,28.03,42,28,2,0,0.33,2020/3/15,80.83,未拔出
01有排行有提醒,皖AT0628,121.38,16045.72,16.63,5.09,23.85,57,89,3,0,0,2020/3/15,58.32,未拔出
01有排行有提醒,粤B3R80W,43.72,7446.03,3.42,2.48,17.63,15,34,2,0,0.73,2020/3/15,85.82,未拔出
01有排行有提醒,皖AT0642,40.36,4191.4,4.2,1.56,25.87,4,17,4,0,0,2020/3/15,93.81,未拔出
01有排行有提醒,皖AT0619,8.17,12289.05,1.73,0.48,17.02,12,3,0,0,0.25,2020/3/15,91.09,未拔出
01有排行有提醒,皖AT0600,0,24732.7,0,0,0,0,0,0,0,0,2020/3/15,100,未拔出
01有排行有提醒,皖AT0547,0,29895.17,0,0,0,0,0,0,0,0,2020/3/15,100,未拔出
01有排行有提醒,皖AT0609,0,6.93,0,0,0,0,0,0,0,0,2020/3/15,0,未拔出
01有排行有提醒,粤BH218W,0,0.74,0,0,0,0,0,0,0,0,2020/3/15,100,未拔出
01有排行有提醒,粤S45B27,0,1156.57,0,0,0,0,0,0,0,0,2020/3/15,100,未拔出
01有排行有提醒,粤LBY602,0,1037.63,0,0,0,0,0,0,0,0,2020/3/15,100,未拔出
01有排行有提醒,皖AT0626,0,5588.74,0,0,0,0,0,0,0,0,2020/3/15,100,未拔出
01有排行有提醒,粤B048RX,0,387.38,0,0,0,0,0,0,0,0,2020/3/15,0,未拔出
01有排行有提醒,粤L39ES3,0,7509.24,0,0,0,0,0,0,0,0,2020/3/15,100,未拔出
01有排行有提醒,粤B2K335,0,4902.93,0,0,0,0,0,0,0,0,2020/3/15,100,未拔出
01有排行有提醒,粤BT2220,0,25326.9,0,0,0,0,0,0,0,0,2020/3/15,100,未拔出
01有排行有提醒,皖AT0568,423.5,25174.38,52.25,14.49,29.23,97,202,2,1,3.33,2020/3/16,65.96,未拔出
01有排行有提醒,皖AT0665,346.94,33344.61,36.42,11.52,30.12,87,169,2,0,0.02,2020/3/16,76.11,未拔出
01有排行有提醒,皖AT0599,213.04,23395.14,24.31,9.12,23.36,55,147,0,2,0.11,2020/3/16,34.8,未拔出
01有排行有提醒,皖AT0553,159.42,16651.8,21.61,7.18,22.2,108,134,2,0,0,2020/3/16,75.59,未拔出
01有排行有提醒,皖AT0628,148.11,16193.83,21.93,7.12,20.8,52,81,2,0,1.13,2020/3/16,64.31,未拔出
01有排行有提醒,皖AT0650,40.18,30485.77,5.17,2.1,19.13,8,5,1,0,0,2020/3/16,92.5,未拔出
01有排行有提醒,粤BT2220,36.95,25363.85,16.99,2.69,13.74,16,13,1,0,0.44,2020/3/16,81.34,未拔出
01有排行有提醒,粤B3R80W,9.03,7455.06,0.8,0.44,20.52,10,8,1,0,0.24,2020/3/16,90.67,未拔出
01有排行有提醒,皖AT0619,4.23,12293.28,0.83,0.23,18.39,4,3,1,0,0,2020/3/16,94.46,未拔出
01有排行有提醒,粤L39ES3,0.16,7509.4,0.23,0.13,1.23,0,0,0,0,0.06,2020/3/16,98.79,未拔出
01有排行有提醒,皖AT0609,0,6.93,0,0,0,0,0,0,0,0,2020/3/16,0,未拔出
01有排行有提醒,皖AT0600,0,24732.7,0,0,0,0,0,0,0,0,2020/3/16,100,未拔出
01有排行有提醒,皖AT0547,0,29895.17,0,0,0,0,0,0,0,0,2020/3/16,100,未拔出
01有排行有提醒,皖AT0642,0,4191.4,0,0,0,0,0,0,0,0,2020/3/16,100,未拔出
01有排行有提醒,粤BH218W,0,0.74,0,0,0,0,0,0,0,0,2020/3/16,100,未拔出
01有排行有提醒,粤S45B27,0,1156.57,0,0,0,0,0,0,0,0,2020/3/16,100,未拔出
01有排行有提醒,粤LBY602,0,1037.63,0,0,0,0,0,0,0,0,2020/3/16,100,未拔出
01有排行有提醒,皖AT0626,0,5588.74,0,0,0,0,0,0,0,0,2020/3/16,100,未拔出
01有排行有提醒,粤B048RX,0,387.38,0,0,0,0,0,0,0,0,2020/3/16,0,未拔出
01有排行有提醒,粤B2K335,0,4902.93,0,0,0,0,0,0,0,0,2020/3/16,100,未拔出
01有排行有提醒,皖AT0665,369.66,33714.27,41.84,11.64,31.76,103,107,4,1,0.56,2020/3/17,67.09,未拔出
01有排行有提醒,皖AT0568,284.94,25459.32,38.54,11.68,24.4,88,168,0,0,4,2020/3/17,64.49,未拔出
01有排行有提醒,皖AT0628,203.22,16397.05,26.04,7.39,27.5,57,116,2,1,1.57,2020/3/17,55.02,未拔出
01有排行有提醒,皖AT0599,170.34,23565.48,20.25,8.05,21.16,44,157,3,1,0.12,2020/3/17,51.24,未拔出
01有排行有提醒,皖AT0619,40.28,12333.56,6.38,1.98,20.34,83,27,8,0,0,2020/3/17,60.82,未拔出
01有排行有提醒,粤BT2220,36.53,25400.38,15.29,2.56,14.27,13,15,0,0,0.94,2020/3/17,78.33,未拔出
01有排行有提醒,粤B3R80W,8.68,7463.74,0.72,0.5,17.36,3,2,0,0,0,2020/3/17,94.95,未拔出
01有排行有提醒,皖AT0650,7.25,30493.02,1.65,0.74,9.8,10,5,0,0,0,2020/3/17,95.41,未拔出
01有排行有提醒,皖AT0642,5.61,4197.01,0.66,0.32,17.53,0,1,4,0,0,2020/3/17,95.73,未拔出
01有排行有提醒,皖AT0609,0,6.93,0,0,0,0,0,0,0,0,2020/3/17,0,未拔出
01有排行有提醒,皖AT0600,0,24732.7,0,0,0,0,0,0,0,0,2020/3/17,100,未拔出
01有排行有提醒,皖AT0547,0,29895.17,0,0,0,0,0,0,0,0,2020/3/17,100,未拔出
01有排行有提醒,粤BH218W,0,0.74,0,0,0,0,0,0,0,0,2020/3/17,100,未拔出
01有排行有提醒,粤S45B27,0,1156.57,0,0,0,0,0,0,0,0,2020/3/17,100,未拔出
01有排行有提醒,粤LBY602,0,1037.63,0,0,0,0,0,0,0,0,2020/3/17,100,未拔出
01有排行有提醒,皖AT0626,0,5588.74,0,0,0,0,0,0,0,0,2020/3/17,100,未拔出
01有排行有提醒,粤B048RX,0,387.38,0,0,0,0,0,0,0,0,2020/3/17,0,未拔出
01有排行有提醒,皖AT0553,0,16651.8,0,0,0,0,0,0,0,0,2020/3/17,100,未拔出
01有排行有提醒,粤L39ES3,0,7509.4,0,0,0,0,0,0,0,0,2020/3/17,100,未拔出
01有排行有提醒,粤B2K335,0,4902.93,0,0,0,0,0,0,0,0,2020/3/17,100,未拔出
01有排行有提醒,皖AT0568,340.77,25800.09,46.43,14.77,23.07,60,213,3,1,3.03,2020/3/18,66.52,未拔出
01有排行有提醒,皖AT0665,299.72,34013.99,34.82,10.76,27.86,88,104,2,0,0.51,2020/3/18,72.62,未拔出
01有排行有提醒,皖AT0628,173.42,16570.47,23.28,6.73,25.77,53,114,5,1,1.04,2020/3/18,49.81,未拔出
01有排行有提醒,皖AT0599,155.02,23720.5,17.74,7.09,21.86,38,117,2,1,0,2020/3/18,52.4,未拔出
01有排行有提醒,粤BT2220,36.65,25437.03,14.46,2.27,16.15,11,12,0,0,0.3,2020/3/18,84.77,未拔出
01有排行有提醒,粤B3R80W,18.77,7482.51,1.65,1.11,16.91,19,15,2,0,0.36,2020/3/18,91.12,未拔出
01有排行有提醒,皖AT0619,4.25,12337.81,0.85,0.24,17.71,6,1,0,0,0.24,2020/3/18,93.71,未拔出
01有排行有提醒,皖AT0650,3.61,30496.63,0.61,0.24,15.04,2,1,0,0,0,2020/3/18,97.48,未拔出
01有排行有提醒,粤L39ES3,0.19,7509.59,0.09,0.02,9.5,0,0,0,0,0,2020/3/18,99.88,未拔出
01有排行有提醒,皖AT0609,0,6.93,0,0,0,0,0,0,0,0,2020/3/18,0,未拔出
01有排行有提醒,皖AT0642,0,4197.01,0,0,0,0,0,0,0,0,2020/3/18,100,未拔出
01有排行有提醒,皖AT0600,0,24732.7,0,0,0,0,0,0,0,0,2020/3/18,100,未拔出
01有排行有提醒,皖AT0547,0,29895.17,0,0,0,0,0,0,0,0,2020/3/18,100,未拔出
01有排行有提醒,粤BH218W,0,0.74,0,0,0,0,0,0,0,0,2020/3/18,100,未拔出
01有排行有提醒,粤S45B27,0,1156.57,0,0,0,0,0,0,0,0,2020/3/18,100,未拔出
01有排行有提醒,粤LBY602,0,1037.63,0,0,0,0,0,0,0,0,2020/3/18,100,未拔出
01有排行有提醒,皖AT0626,0,5588.74,0,0,0,0,0,0,0,0,2020/3/18,100,未拔出
01有排行有提醒,粤B048RX,0,387.38,0,0,0,0,0,0,0,0,2020/3/18,0,未拔出
01有排行有提醒,皖AT0553,0,16651.8,0,0,0,0,0,0,0,0,2020/3/18,100,未拔出
01有排行有提醒,粤B2K335,0,4902.93,0,0,0,0,0,0,0,0,2020/3/18,100,未拔出
01有排行有提醒,皖AT0568,482.63,26282.72,57.9,16.03,30.11,57,190,4,0,6.54,2020/3/19,71.72,未拔出
01有排行有提醒,皖AT0665,314.65,34328.64,37.06,12.09,26.03,74,130,7,1,0.18,2020/3/19,60.7,未拔出
01有排行有提醒,皖AT0599,189.75,23910.25,20.65,7.63,24.87,42,125,2,1,0,2020/3/19,44.69,未拔出
01有排行有提醒,皖AT0650,136.33,30632.96,16.22,5.09,26.78,38,46,4,0,3.28,2020/3/19,38.75,未拔出
01有排行有提醒,皖AT0628,126.73,16697.2,17.83,5.73,22.12,71,86,0,0,0.57,2020/3/19,80.22,未拔出
01有排行有提醒,皖AT0619,62.95,12400.76,7.99,2.31,27.25,110,46,25,0,0,2020/3/19,62.9,未拔出
01有排行有提醒,粤BT2220,56,25493.03,30.13,4.11,13.63,20,15,0,0,1.58,2020/3/19,60.57,未拔出
01有排行有提醒,粤B3R80W,9.45,7491.96,0.94,0.6,15.75,12,12,1,0,0,2020/3/19,90.68,未拔出
01有排行有提醒,皖AT0642,6.22,4203.23,0.69,0.36,17.28,0,4,0,0,0.26,2020/3/19,93.61,未拔出
01有排行有提醒,皖AT0600,0,24732.7,0,0,0,0,0,0,0,0,2020/3/19,100,未拔出
01有排行有提醒,皖AT0547,0,29895.17,0,0,0,0,0,0,0,0,2020/3/19,100,未拔出
01有排行有提醒,皖AT0609,0,6.93,0,0,0,0,0,0,0,0,2020/3/19,0,未拔出
01有排行有提醒,皖AT0626,0,5588.74,0,0,0,0,0,0,0,0,2020/3/19,100,未拔出
01有排行有提醒,粤LBY602,0,1037.63,0,0,0,0,0,0,0,0,2020/3/19,100,未拔出
01有排行有提醒,粤L39ES3,0,7509.59,0,0,0,0,0,0,0,0,2020/3/19,100,未拔出
01有排行有提醒,粤B2K335,0,4902.93,0,0,0,0,0,0,0,0,2020/3/19,100,未拔出
01有排行有提醒,粤B048RX,0,387.38,0,0,0,0,0,0,0,0,2020/3/19,0,未拔出
01有排行有提醒,粤S45B27,0,1156.57,0,0,0,0,0,0,0,0,2020/3/19,100,未拔出
01有排行有提醒,皖AT0553,0,16651.8,0,0,0,0,0,0,0,0,2020/3/19,100,未拔出
01有排行有提醒,粤BH218W,0,0.74,0,0,0,0,0,0,0,0,2020/3/19,100,未拔出
01有排行有提醒,皖AT0665,378.15,34706.79,44.43,12.7,29.78,106,102,3,2,0.54,2020/3/20,45.8,未拔出
01有排行有提醒,皖AT0568,374.07,26656.79,47.58,14.74,25.38,102,155,1,0,3.23,2020/3/20,67.61,未拔出
01有排行有提醒,皖AT0650,284.83,30917.79,28.27,7.46,38.18,58,21,4,0,6.72,2020/3/20,57.53,未拔出
01有排行有提醒,皖AT0553,196.55,16848.35,25.2,8,24.57,103,130,1,0,0.15,2020/3/20,68.49,未拔出
01有排行有提醒,皖AT0599,176.75,24087,19.77,7.56,23.38,50,147,0,0,0,2020/3/20,63.4,未拔出
01有排行有提醒,皖AT0628,109.34,16806.54,16.38,5.37,20.36,73,87,3,1,0,2020/3/20,49.08,未拔出
01有排行有提醒,粤BT2220,36.83,25529.86,19.84,2.45,15.03,12,6,0,0,0.71,2020/3/20,84.21,未拔出
01有排行有提醒,粤B3R80W,9.23,7501.19,1.03,0.78,11.83,7,6,1,0,0.45,2020/3/20,89.47,未拔出
01有排行有提醒,皖AT0619,4.72,12405.48,0.92,0.24,19.67,5,3,2,0,0.24,2020/3/20,88.86,未拔出
01有排行有提醒,皖AT0600,0,24732.7,0,0,0,0,0,0,0,0,2020/3/20,100,未拔出
01有排行有提醒,皖AT0609,0,6.93,0,0,0,0,0,0,0,0,2020/3/20,0,未拔出
01有排行有提醒,皖AT0642,0,4203.23,0,0,0,0,0,0,0,0,2020/3/20,100,未拔出
01有排行有提醒,皖AT0547,0,29895.17,0,0,0,0,0,0,0,0,2020/3/20,100,未拔出
01有排行有提醒,粤B048RX,0,387.38,0,0,0,0,0,0,0,0,2020/3/20,0,未拔出
01有排行有提醒,粤BH218W,0,0.74,0,0,0,0,0,0,0,0,2020/3/20,100,未拔出
01有排行有提醒,粤S45B27,0,1156.57,0,0,0,0,0,0,0,0,2020/3/20,100,未拔出
01有排行有提醒,粤LBY602,0,1037.63,0,0,0,0,0,0,0,0,2020/3/20,100,未拔出
01有排行有提醒,皖AT0626,0,5588.74,0,0,0,0,0,0,0,0,2020/3/20,100,未拔出
01有排行有提醒,粤B2K335,0,4902.93,0,0,0,0,0,0,0,0,2020/3/20,100,未拔出
01有排行有提醒,粤L39ES3,0,7509.59,0,0,0,0,0,0,0,0,2020/3/20,100,未拔出
01有排行有提醒,皖AT0568,229.19,26885.98,27.57,7.47,30.68,26,99,0,0,1.97,2020/3/21,57.91,未拔出
01有排行有提醒,皖AT0665,193.72,34900.51,21.43,5.89,32.89,19,30,0,1,0,2020/3/21,72.26,未拔出
01有排行有提醒,皖AT0553,192.48,17040.83,24.76,7.93,24.27,104,143,4,0,0.41,2020/3/21,61.39,未拔出
01有排行有提醒,皖AT0599,173.74,24260.74,19.81,7.6,22.86,31,143,0,0,0,2020/3/21,57.15,未拔出
01有排行有提醒,皖AT0650,110.52,31028.31,12.74,4.88,22.65,33,21,1,0,1.48,2020/3/21,77.24,未拔出
01有排行有提醒,皖AT0619,57.2,12462.68,7.97,2.44,23.44,85,40,16,0,0,2020/3/21,60.06,未拔出
01有排行有提醒,粤B3R80W,8.55,7509.74,0.72,0.48,17.81,6,7,0,0,0.28,2020/3/21,92.06,未拔出
01有排行有提醒,粤BT2220,4.65,25534.51,2.16,0.4,11.63,6,2,0,0,0,2020/3/21,95.15,未拔出
01有排行有提醒,粤L39ES3,0.23,7509.82,0.34,0.21,1.1,0,0,0,0,0.07,2020/3/21,99.6,未拔出
01有排行有提醒,皖AT0547,0,29895.17,0,0,0,0,0,0,0,0,2020/3/21,100,未拔出
01有排行有提醒,粤S45B27,0,1156.57,0,0,0,0,0,0,0,0,2020/3/21,100,未拔出
01有排行有提醒,粤LBY602,0,1037.63,0,0,0,0,0,0,0,0,2020/3/21,100,未拔出
01有排行有提醒,皖AT0626,0,5588.74,0,0,0,0,0,0,0,0,2020/3/21,100,未拔出
01有排行有提醒,皖AT0609,0,6.93,0,0,0,0,0,0,0,0,2020/3/21,0,未拔出
01有排行有提醒,皖AT0642,0,4203.23,0,0,0,0,0,0,0,0,2020/3/21,100,未拔出
01有排行有提醒,粤B2K335,0,4902.93,0,0,0,0,0,0,0,0,2020/3/21,100,未拔出
01有排行有提醒,皖AT0600,0,24732.7,0,0,0,0,0,0,0,0,2020/3/21,100,未拔出
01有排行有提醒,粤BH218W,0,0.74,0,0,0,0,0,0,0,0,2020/3/21,100,未拔出
01有排行有提醒,皖AT0628,0,16806.54,0,0,0,0,0,0,0,0,2020/3/21,100,未拔出
01有排行有提醒,粤B048RX,0,387.38,0,0,0,0,0,0,0,0,2020/3/21,0,未拔出
01有排行有提醒,皖AT0568,332.39,27218.37,43.55,13.02,25.53,59,115,4,1,3.03,2020/3/22,72.69,未拔出
01有排行有提醒,皖AT0665,323.54,35224.05,38.06,11.45,28.26,136,152,4,2,0,2020/3/22,54.7,未拔出
01有排行有提醒,皖AT0599,259.63,24520.37,25.79,7.76,33.46,32,130,2,1,0,2020/3/22,38.59,未拔出
01有排行有提醒,皖AT0650,192.9,31221.21,22.91,8.37,23.05,105,70,8,0,1.85,2020/3/22,78.27,未拔出
01有排行有提醒,皖AT0553,187.32,17228.15,23.65,7.26,25.8,83,98,2,0,0.03,2020/3/22,69.9,未拔出
01有排行有提醒,粤B3R80W,8.78,7518.52,0.88,0.64,13.72,7,7,2,0,0.35,2020/3/22,90.03,未拔出
01有排行有提醒,皖AT0619,3.87,12466.55,0.81,0.27,14.33,6,6,0,0,0,2020/3/22,91.23,未拔出
01有排行有提醒,皖AT0642,3.08,4206.31,0.5,0.3,10.27,0,3,1,0,0,2020/3/22,97.07,未拔出
01有排行有提醒,皖AT0547,0,29895.17,0,0,0,0,0,0,0,0,2020/3/22,100,未拔出
01有排行有提醒,皖AT0609,0,6.93,0,0,0,0,0,0,0,0,2020/3/22,0,未拔出
01有排行有提醒,粤BT2220,0,25534.51,0,0,0,0,0,0,0,0,2020/3/22,100,未拔出
01有排行有提醒,皖AT0600,0,24732.7,0,0,0,0,0,0,0,0,2020/3/22,100,未拔出
01有排行有提醒,粤B048RX,0,387.38,0,0,0,0,0,0,0,0,2020/3/22,0,未拔出
01有排行有提醒,粤BH218W,0,0.74,0,0,0,0,0,0,0,0,2020/3/22,100,未拔出
01有排行有提醒,粤S45B27,0,1156.57,0,0,0,0,0,0,0,0,2020/3/22,100,未拔出
01有排行有提醒,粤LBY602,0,1037.63,0,0,0,0,0,0,0,0,2020/3/22,100,未拔出
01有排行有提醒,粤B2K335,0,4902.93,0,0,0,0,0,0,0,0,2020/3/22,100,未拔出
01有排行有提醒,皖AT0628,0,16806.54,0,0,0,0,0,0,0,0,2020/3/22,100,未拔出
01有排行有提醒,粤L39ES3,0,7509.82,0,0,0,0,0,0,0,0,2020/3/22,100,未拔出
01有排行有提醒,皖AT0626,0,5588.74,0,0,0,0,0,0,0,0,2020/3/22,100,未拔出
01有排行有提醒,皖AT0568,346.22,27564.59,45.14,13.26,26.11,65,94,2,0,3.1,2020/3/23,67.06,未拔出
01有排行有提醒,皖AT0665,316.01,35540.06,38.85,11.88,26.6,161,201,0,2,0,2020/3/23,61.44,未拔出
01有排行有提醒,皖AT0599,232.62,24752.99,26.09,9.4,24.75,58,160,0,1,3.5,2020/3/23,42.39,未拔出
01有排行有提醒,皖AT0650,196.15,31417.36,19.61,5.53,35.47,54,33,2,0,2.44,2020/3/23,82.48,未拔出
01有排行有提醒,皖AT0628,132.86,16939.4,20.36,6.79,19.57,73,106,2,0,0.94,2020/3/23,70.71,未拔出
01有排行有提醒,皖AT0553,104.59,17332.74,14.82,5.18,20.19,81,77,2,0,0,2020/3/23,72.11,未拔出
01有排行有提醒,粤BT2220,36.23,25570.74,16.04,2.43,14.91,8,10,0,0,0.37,2020/3/23,85.46,未拔出
01有排行有提醒,皖AT0619,11.65,12478.2,2.26,0.63,18.49,6,4,4,0,0.47,2020/3/23,92,未拔出
01有排行有提醒,粤B3R80W,10.74,7529.26,0.96,0.71,15.13,8,7,1,0,0.42,2020/3/23,89.57,未拔出
01有排行有提醒,粤L39ES3,1.31,7511.13,0.56,0.26,5.04,2,0,0,0,0,2020/3/23,96.15,未拔出
01有排行有提醒,皖AT0642,0,4206.31,0,0,0,0,0,0,0,0,2020/3/23,100,未拔出
01有排行有提醒,皖AT0547,0,29895.17,0,0,0,0,0,0,0,0,2020/3/23,100,未拔出
01有排行有提醒,皖AT0609,0,6.93,0,0,0,0,0,0,0,0,2020/3/23,0,未拔出
01有排行有提醒,皖AT0600,0,24732.7,0,0,0,0,0,0,0,0,2020/3/23,100,未拔出
01有排行有提醒,粤B048RX,0,387.38,0,0,0,0,0,0,0,0,2020/3/23,0,未拔出
01有排行有提醒,粤BH218W,0,0.74,0,0,0,0,0,0,0,0,2020/3/23,100,未拔出
01有排行有提醒,粤S45B27,0,1156.57,0,0,0,0,0,0,0,0,2020/3/23,100,未拔出
01有排行有提醒,粤LBY602,0,1037.63,0,0,0,0,0,0,0,0,2020/3/23,100,未拔出
01有排行有提醒,皖AT0626,0,5588.74,0,0,0,0,0,0,0,0,2020/3/23,100,未拔出
01有排行有提醒,粤B2K335,0,4902.93,0,0,0,0,0,0,0,0,2020/3/23,100,未拔出
01有排行有提醒,皖AT0568,373.14,27937.73,48.35,13.17,28.33,85,158,2,0,2.33,2020/3/24,71.85,未拔出
01有排行有提醒,皖AT0665,291.99,35832.05,37.02,10.99,26.57,92,109,3,1,0,2020/3/24,66.68,未拔出
01有排行有提醒,皖AT0650,194.16,31611.52,23.41,8.82,22.01,66,62,6,1,2.62,2020/3/24,67.35,未拔出
01有排行有提醒,皖AT0599,188.31,24941.3,22.11,8.73,21.57,53,106,0,1,4.17,2020/3/24,48.25,未拔出
01有排行有提醒,皖AT0553,136.7,17469.44,18.69,6.46,21.16,81,91,5,0,0,2020/3/24,71.64,未拔出
01有排行有提醒,皖AT0628,105.14,17044.54,14.72,4.48,23.47,34,68,0,0,0,2020/3/24,76.57,未拔出
01有排行有提醒,粤BT2220,36.31,25607.05,15.41,2.24,16.21,11,12,0,0,0.4,2020/3/24,84.74,未拔出
01有排行有提醒,粤B3R80W,35.39,7564.65,3.31,2.32,15.25,27,19,7,0,0.72,2020/3/24,87.28,未拔出
01有排行有提醒,皖AT0619,27.75,12505.95,4.37,1.34,20.71,46,26,2,0,0.21,2020/3/24,79.04,未拔出
01有排行有提醒,粤S45B27,0,1156.57,0,0,0,0,0,0,0,0,2020/3/24,100,未拔出
01有排行有提醒,粤BH218W,0,0.74,0,0,0,0,0,0,0,0,2020/3/24,100,未拔出
01有排行有提醒,皖AT0547,0,29895.17,0,0,0,0,0,0,0,0,2020/3/24,100,未拔出
01有排行有提醒,粤LBY602,0,1037.63,0,0,0,0,0,0,0,0,2020/3/24,100,未拔出
01有排行有提醒,皖AT0609,0,6.93,0,0,0,0,0,0,0,0,2020/3/24,0,未拔出
01有排行有提醒,皖AT0642,0,4206.31,0,0,0,0,0,0,0,0,2020/3/24,100,未拔出
01有排行有提醒,皖AT0626,0,5588.74,0,0,0,0,0,0,0,0,2020/3/24,100,未拔出
01有排行有提醒,粤L39ES3,0,7511.13,0,0,0,0,0,0,0,0,2020/3/24,100,未拔出
01有排行有提醒,皖AT0600,0,24732.7,0,0,0,0,0,0,0,0,2020/3/24,100,未拔出
01有排行有提醒,粤B048RX,0,387.38,0,0,0,0,0,0,0,0,2020/3/24,0,未拔出
01有排行有提醒,粤B2K335,0,4902.93,0,0,0,0,0,0,0,0,2020/3/24,100,未拔出
01有排行有提醒,皖AT0568,412.36,28350.09,53,13.81,29.86,50,137,2,2,10.09,2020/3/25,41.67,未拔出
01有排行有提醒,皖AT0665,320.86,36152.91,40.69,12.33,26.02,106,175,3,1,0.2,2020/3/25,39.94,未拔出
01有排行有提醒,皖AT0650,215.69,31827.21,22.09,5.97,36.13,22,28,4,0,5.24,2020/3/25,60.86,未拔出
01有排行有提醒,皖AT0599,211.3,25152.6,24.63,9.33,22.65,55,160,1,1,0,2020/3/25,30.59,未拔出
01有排行有提醒,皖AT0628,161.6,17206.14,24.78,7.53,21.46,70,105,2,0,1.43,2020/3/25,61.35,未拔出
01有排行有提醒,粤BT2220,36.47,25643.52,18.07,2.48,14.71,11,10,0,0,0.41,2020/3/25,84.56,未拔出
01有排行有提醒,皖AT0619,33.33,12539.28,5.33,1.66,20.08,64,23,9,0,0,2020/3/25,60.87,未拔出
01有排行有提醒,粤B3R80W,8.96,7573.61,0.93,0.61,14.69,8,6,0,0,0.37,2020/3/25,90.25,未拔出
01有排行有提醒,粤S45B27,0,1156.57,0,0,0,0,0,0,0,0,2020/3/25,100,未拔出
01有排行有提醒,皖AT0547,0,29895.17,0,0,0,0,0,0,0,0,2020/3/25,100,未拔出
01有排行有提醒,粤BH218W,0,0.74,0,0,0,0,0,0,0,0,2020/3/25,100,未拔出
01有排行有提醒,粤LBY602,0,1037.63,0,0,0,0,0,0,0,0,2020/3/25,100,未拔出
01有排行有提醒,皖AT0609,0,6.93,0,0,0,0,0,0,0,0,2020/3/25,0,未拔出
01有排行有提醒,皖AT0642,0,4206.31,0,0,0,0,0,0,0,0,2020/3/25,100,未拔出
01有排行有提醒,皖AT0626,0,5588.74,0,0,0,0,0,0,0,0,2020/3/25,100,未拔出
01有排行有提醒,粤B2K335,0,4902.93,0,0,0,0,0,0,0,0,2020/3/25,100,未拔出
01有排行有提醒,粤L39ES3,0,7511.13,0,0,0,0,0,0,0,0,2020/3/25,100,未拔出
01有排行有提醒,皖AT0553,0,17469.44,0,0,0,0,0,0,0,0,2020/3/25,100,未拔出
01有排行有提醒,皖AT0600,0,24732.7,0,0,0,0,0,0,0,0,2020/3/25,100,未拔出
01有排行有提醒,粤B048RX,0,387.38,0,0,0,0,0,0,0,0,2020/3/25,0,未拔出
01有排行有提醒,皖AT0568,524.29,28874.38,69.12,18.4,28.49,87,268,6,1,8.88,2020/3/26,52.64,未拔出
01有排行有提醒,皖AT0665,369.92,36522.83,48.95,13.93,26.56,100,205,5,2,1.21,2020/3/26,45.35,未拔出
01有排行有提醒,皖AT0553,242.5,17711.94,30.64,9,26.94,104,112,4,1,0.32,2020/3/26,60.7,未拔出
01有排行有提醒,皖AT0650,237.43,32064.64,28.53,10.13,23.44,76,58,5,0,3.23,2020/3/26,78.41,未拔出
01有排行有提醒,皖AT0599,234.8,25387.4,31.29,11.57,20.29,46,152,0,0,3.38,2020/3/26,65.49,未拔出
01有排行有提醒,皖AT0628,158.57,17364.71,24.83,7.02,22.59,56,120,0,1,1.85,2020/3/26,37.32,未拔出
01有排行有提醒,粤BT2220,37.28,25680.8,15.25,2.2,16.95,7,5,0,0,0.5,2020/3/26,70.97,未拔出
01有排行有提醒,粤B3R80W,17.88,7591.49,1.61,1.12,15.96,9,7,3,0,0.84,2020/3/26,89.04,未拔出
01有排行有提醒,皖AT0619,15.37,12554.65,3.41,1.12,13.72,45,15,1,0,0,2020/3/26,77.12,未拔出
01有排行有提醒,皖AT0642,6.64,4212.95,0.93,0.67,9.91,0,1,1,0,0,2020/3/26,98.1,未拔出
01有排行有提醒,皖AT0547,0,29895.17,0,0,0,0,0,0,0,0,2020/3/26,100,未拔出
01有排行有提醒,粤LBY602,0,1037.63,0,0,0,0,0,0,0,0,2020/3/26,100,未拔出
01有排行有提醒,皖AT0609,0,6.93,0,0,0,0,0,0,0,0,2020/3/26,0,未拔出
01有排行有提醒,皖AT0626,0,5588.74,0,0,0,0,0,0,0,0,2020/3/26,100,未拔出
01有排行有提醒,皖AT0600,0,24732.7,0,0,0,0,0,0,0,0,2020/3/26,100,未拔出
01有排行有提醒,粤L39ES3,0,7511.13,0,0,0,0,0,0,0,0,2020/3/26,100,未拔出
01有排行有提醒,粤B2K335,0,4902.93,0,0,0,0,0,0,0,0,2020/3/26,100,未拔出
01有排行有提醒,粤S45B27,0,1156.57,0,0,0,0,0,0,0,0,2020/3/26,100,未拔出
01有排行有提醒,粤BH218W,0,0.74,0,0,0,0,0,0,0,0,2020/3/26,100,未拔出
01有排行有提醒,粤B048RX,0,387.38,0,0,0,0,0,0,0,0,2020/3/26,0,未拔出
01有排行有提醒,皖AT0568,406.38,29280.76,57.77,16.56,24.54,141,266,0,2,3.7,2020/3/27,32.76,未拔出
01有排行有提醒,皖AT0599,403.91,25791.31,46.62,16.13,25.04,120,230,0,1,6.71,2020/3/27,52.43,未拔出
01有排行有提醒,皖AT0665,251.41,36774.24,30.94,8.9,28.25,121,159,2,1,0.64,2020/3/27,65.52,未拔出
01有排行有提醒,皖AT0628,229.94,17594.65,34.17,9.5,24.2,45,145,1,1,3.42,2020/3/27,23.56,未拔出
01有排行有提醒,皖AT0650,227.51,32292.15,27.13,9.56,23.8,83,59,3,0,6.25,2020/3/27,65.61,未拔出
01有排行有提醒,皖AT0553,192.9,17904.84,26.61,7.79,24.76,59,66,3,0,0,2020/3/27,77.88,未拔出
01有排行有提醒,皖AT0642,65.93,4278.88,5.84,6.13,10.76,3,19,4,1,0.24,2020/3/27,85.47,未拔出
01有排行有提醒,粤BT2220,37.71,25718.51,15.18,2.38,15.84,10,9,0,0,0.67,2020/3/27,83.86,未拔出
01有排行有提醒,皖AT0619,23.86,12578.51,4.1,1.2,19.88,21,7,3,0,0,2020/3/27,74.71,未拔出
01有排行有提醒,粤B3R80W,22.42,7613.91,1.74,1.28,17.52,6,11,0,0,0.81,2020/3/27,93.59,未拔出
01有排行有提醒,皖AT0609,0,6.93,0,0,0,0,0,0,0,0,2020/3/27,0,未拔出
01有排行有提醒,皖AT0547,0,29895.17,0,0,0,0,0,0,0,0,2020/3/27,100,未拔出
01有排行有提醒,皖AT0626,0,5588.74,0,0,0,0,0,0,0,0,2020/3/27,100,未拔出
01有排行有提醒,皖AT0600,0,24732.7,0,0,0,0,0,0,0,0,2020/3/27,100,未拔出
01有排行有提醒,粤L39ES3,0,7511.13,0,0,0,0,0,0,0,0,2020/3/27,100,未拔出
01有排行有提醒,粤B2K335,0,4902.93,0,0,0,0,0,0,0,0,2020/3/27,100,未拔出
01有排行有提醒,粤B048RX,0,387.38,0,0,0,0,0,0,0,0,2020/3/27,0,未拔出
01有排行有提醒,粤BH218W,0,0.74,0,0,0,0,0,0,0,0,2020/3/27,100,未拔出
01有排行有提醒,粤LBY602,0,1037.63,0,0,0,0,0,0,0,0,2020/3/27,100,未拔出
01有排行有提醒,粤S45B27,0,1156.57,0,0,0,0,0,0,0,0,2020/3/27,100,未拔出
01有排行有提醒,皖AT0665,386.98,37161.22,46.75,12.42,31.16,112,227,4,1,0.67,2020/3/28,60.38,未拔出
01有排行有提醒,皖AT0568,367.75,29648.51,50.57,13.64,26.96,45,195,0,2,5.45,2020/3/28,22.77,未拔出
01有排行有提醒,皖AT0599,299.13,26090.44,38.19,14.61,20.47,93,204,1,1,5.64,2020/3/28,51.06,未拔出
01有排行有提醒,皖AT0650,253,32545.15,27.64,7.25,34.9,51,46,0,0,4.3,2020/3/28,71.58,未拔出
01有排行有提醒,皖AT0628,242.56,17837.21,36.38,10.18,23.83,82,156,1,1,4.67,2020/3/28,13.24,未拔出
01有排行有提醒,皖AT0553,172.25,18077.09,23.26,6.69,25.75,78,102,4,0,0,2020/3/28,78.01,未拔出
01有排行有提醒,皖AT0619,50.91,12629.42,8.18,2.21,23.04,94,40,8,0,0,2020/3/28,60.5,未拔出
01有排行有提醒,皖AT0642,32.78,4311.66,3.76,1.18,27.78,16,34,3,0,0,2020/3/28,84.62,未拔出
01有排行有提醒,粤B3R80W,13.16,7627.07,1.47,1.23,10.7,5,8,0,0,0.85,2020/3/28,84.86,未拔出
01有排行有提醒,粤L39ES3,1.36,7512.49,0.8,0.47,2.89,1,0,0,0,0,2020/3/28,96.38,未拔出
01有排行有提醒,粤LBY602,0,1037.63,0,0,0,0,0,0,0,0,2020/3/28,100,未拔出
01有排行有提醒,皖AT0547,0,29895.17,0,0,0,0,0,0,0,0,2020/3/28,100,未拔出
01有排行有提醒,粤S45B27,0,1156.57,0,0,0,0,0,0,0,0,2020/3/28,100,未拔出
01有排行有提醒,皖AT0626,0,5588.74,0,0,0,0,0,0,0,0,2020/3/28,100,未拔出
01有排行有提醒,粤BT2220,0,25718.51,0,0,0,0,0,0,0,0,2020/3/28,100,未拔出
01有排行有提醒,皖AT0609,0,6.93,0,0,0,0,0,0,0,0,2020/3/28,0,未拔出
01有排行有提醒,粤B048RX,0,387.38,0,0,0,0,0,0,0,0,2020/3/28,0,未拔出
01有排行有提醒,皖AT0600,0,24732.7,0,0,0,0,0,0,0,0,2020/3/28,100,未拔出
01有排行有提醒,粤BH218W,0,0.74,0,0,0,0,0,0,0,0,2020/3/28,100,未拔出
01有排行有提醒,粤B2K335,0,4902.93,0,0,0,0,0,0,0,0,2020/3/28,100,未拔出
01有排行有提醒,皖AT0568,423.28,30071.79,59.94,16.69,25.36,100,226,3,1,6.68,2020/3/29,51.87,未拔出
01有排行有提醒,皖AT0665,350.89,37512.11,44.09,12.21,28.74,113,139,2,2,0,2020/3/29,53.75,未拔出
01有排行有提醒,皖AT0599,327.17,26417.61,39.46,13.84,23.64,59,177,2,0,6.2,2020/3/29,73.78,未拔出
01有排行有提醒,皖AT0642,224.97,4536.63,26.87,7.05,31.91,9,64,8,0,1.24,2020/3/29,77.83,未拔出
01有排行有提醒,皖AT0553,146.53,18223.62,20.67,6.25,23.44,67,81,0,0,0,2020/3/29,70.72,未拔出
01有排行有提醒,皖AT0650,140.49,32685.64,15.09,4.2,33.45,32,18,0,0,1.93,2020/3/29,80.35,未拔出
01有排行有提醒,粤B3R80W,20.15,7647.22,1.94,1.55,13,9,6,1,0,0.92,2020/3/29,89.05,未拔出
01有排行有提醒,皖AT0619,7.56,12636.98,1.75,0.5,15.12,7,3,1,0,0.22,2020/3/29,92.36,未拔出
01有排行有提醒,粤S45B27,0,1156.57,0,0,0,0,0,0,0,0,2020/3/29,100,未拔出
01有排行有提醒,皖AT0547,0,29895.17,0,0,0,0,0,0,0,0,2020/3/29,100,未拔出
01有排行有提醒,粤LBY602,0,1037.63,0,0,0,0,0,0,0,0,2020/3/29,100,未拔出
01有排行有提醒,皖AT0626,0,5588.74,0,0,0,0,0,0,0,0,2020/3/29,100,未拔出
01有排行有提醒,皖AT0609,0,6.93,0,0,0,0,0,0,0,0,2020/3/29,0,未拔出
01有排行有提醒,粤BT2220,0,25718.51,0,0,0,0,0,0,0,0,2020/3/29,100,未拔出
01有排行有提醒,皖AT0600,0,24732.7,0,0,0,0,0,0,0,0,2020/3/29,100,未拔出
01有排行有提醒,粤B2K335,0,4902.93,0,0,0,0,0,0,0,0,2020/3/29,100,未拔出
01有排行有提醒,粤L39ES3,0,7512.49,0.07,0.03,0,0,0,0,0,0,2020/3/29,0,未拔出
01有排行有提醒,粤B048RX,0,387.38,0,0,0,0,0,0,0,0,2020/3/29,0,未拔出
01有排行有提醒,粤BH218W,0,0.74,0,0,0,0,0,0,0,0,2020/3/29,100,未拔出
01有排行有提醒,皖AT0628,0,17837.21,0,0,0,0,0,0,0,0,2020/3/29,100,未拔出
01有排行有提醒,皖AT0568,388.73,30460.52,55.59,16.34,23.79,108,199,1,1,3.17,2020/3/30,68.1,未拔出
01有排行有提醒,皖AT0599,373.84,26791.45,42.48,15.32,24.4,95,214,5,1,6.03,2020/3/30,65.58,未拔出
01有排行有提醒,皖AT0665,339.83,37851.94,42.28,12.14,27.99,112,144,2,1,0.19,2020/3/30,70.57,未拔出
01有排行有提醒,皖AT0553,249.78,18473.4,35.92,10.71,23.32,158,213,5,1,0.09,2020/3/30,59.81,未拔出
01有排行有提醒,皖AT0650,218.63,32904.27,25.85,7.85,27.85,87,61,7,0,3.84,2020/3/30,58.61,未拔出
01有排行有提醒,皖AT0619,155.1,12792.08,21.65,6.19,25.06,271,131,44,0,0,2020/3/30,51.25,未拔出
01有排行有提醒,皖AT0628,139.39,17976.6,21.25,6.37,21.88,45,99,1,0,0,2020/3/30,76.56,未拔出
01有排行有提醒,皖AT0642,58.4,4595.03,6.37,1.36,42.94,1,13,2,0,0,2020/3/30,84.63,未拔出
01有排行有提醒,粤BT2220,37.34,25755.85,14.96,2.34,15.96,13,12,0,0,0.24,2020/3/30,85.16,未拔出
01有排行有提醒,粤B3R80W,8.84,7656.06,0.91,0.6,14.73,9,3,0,0,0.25,2020/3/30,91.52,未拔出
01有排行有提醒,粤LBY602,0,1037.63,0,0,0,0,0,0,0,0,2020/3/30,100,未拔出
01有排行有提醒,皖AT0547,0,29895.17,0,0,0,0,0,0,0,0,2020/3/30,100,未拔出
01有排行有提醒,粤S45B27,0,1156.57,0,0,0,0,0,0,0,0,2020/3/30,100,未拔出
01有排行有提醒,皖AT0609,0,6.93,0,0,0,0,0,0,0,0,2020/3/30,0,未拔出
01有排行有提醒,皖AT0626,0,5588.74,0,0,0,0,0,0,0,0,2020/3/30,100,未拔出
01有排行有提醒,粤L39ES3,0,7512.49,0,0,0,0,0,0,0,0,2020/3/30,100,未拔出
01有排行有提醒,粤B048RX,0,387.38,0,0,0,0,0,0,0,0,2020/3/30,0,未拔出
01有排行有提醒,皖AT0600,0,24732.7,0,0,0,0,0,0,0,0,2020/3/30,100,未拔出
01有排行有提醒,粤BH218W,0,0.74,0,0,0,0,0,0,0,0,2020/3/30,100,未拔出
01有排行有提醒,粤B2K335,0,4902.93,0,0,0,0,0,0,0,0,2020/3/30,100,未拔出
01有排行有提醒,皖AT0568,554.94,31015.46,76.12,20.93,26.51,107,225,5,3,9.71,2020/3/31,39.23,未拔出
01有排行有提醒,皖AT0665,361.88,38213.82,45.79,13.08,27.67,122,147,0,2,0.68,2020/3/31,30.19,未拔出
01有排行有提醒,皖AT0599,299.38,27090.83,34.45,12.41,24.12,59,159,1,1,4.38,2020/3/31,63.61,未拔出
01有排行有提醒,皖AT0650,276.73,33181,33.13,10.2,27.13,117,86,4,0,7.58,2020/3/31,50.91,未拔出
01有排行有提醒,皖AT0553,219.07,18692.47,30.29,9.41,23.28,127,130,2,1,0.98,2020/3/31,64.77,未拔出
01有排行有提醒,皖AT0619,116.94,12909.02,15.85,2.76,42.37,108,46,19,0,0,2020/3/31,71.48,未拔出
01有排行有提醒,粤BT2220,37.29,25793.14,18.55,2.46,15.16,11,14,0,0,0.62,2020/3/31,81.87,未拔出
01有排行有提醒,粤B3R80W,9.46,7665.52,0.89,0.57,16.6,4,6,0,0,0.37,2020/3/31,91.01,未拔出
01有排行有提醒,粤LBY602,0,1037.63,0,0,0,0,0,0,0,0,2020/3/31,100,未拔出
01有排行有提醒,皖AT0547,0,29895.17,0,0,0,0,0,0,0,0,2020/3/31,100,未拔出
01有排行有提醒,粤BH218W,0,0.74,0,0,0,0,0,0,0,0,2020/3/31,100,未拔出
01有排行有提醒,皖AT0642,0,4595.03,0,0,0,0,0,0,0,0,2020/3/31,100,未拔出
01有排行有提醒,皖AT0609,0,6.93,0,0,0,0,0,0,0,0,2020/3/31,0,未拔出
01有排行有提醒,皖AT0626,0,5588.74,0,0,0,0,0,0,0,0,2020/3/31,100,未拔出
01有排行有提醒,皖AT0600,0,24732.7,0,0,0,0,0,0,0,0,2020/3/31,100,未拔出
01有排行有提醒,粤B048RX,0,387.38,0,0,0,0,0,0,0,0,2020/3/31,0,未拔出
01有排行有提醒,粤L39ES3,0,7512.49,0,0,0,0,0,0,0,0,2020/3/31,100,未拔出
01有排行有提醒,粤B2K335,0,4902.93,0,0,0,0,0,0,0,0,2020/3/31,100,未拔出
01有排行有提醒,粤S45B27,0,1156.57,0,0,0,0,0,0,0,0,2020/3/31,100,未拔出
01有排行有提醒,皖AT0628,0,17976.6,0,0,0,0,0,0,0,0,2020/3/31,100,未拔出
