"","车牌号","部门","绝色出行天数","行驶天数","油耗","碳排放.kg.","绿色出行减排.kg."
"1","粤BT2220","01有排行有提醒",1,13,198.27,446.9,34.38
"2","粤BT2220","01有排行有提醒",2,29,418.95,944.31,65.13
"3","粤BT2220","01有排行有提醒",0,31,396.77,894.32,0
"4","粤S45B27","01有排行有提醒",16,8,127.25,286.82,573.64
"5","粤LBY602","01有排行有提醒",10,12,88.66,199.84,166.53
"6","粤B2K335","01有排行有提醒",0,16,96.54,217.6,0
"7","粤L39ES3","01有排行有提醒",0,9,42.74,96.34,0
"8","粤B048RX","01有排行有提醒",0,12,41.99,94.65,0
"9","粤B3R80W","01有排行有提醒",0,9,51.04,115.04,0
"10","粤B2K335","01有排行有提醒",0,31,78.82,177.66,0
"11","粤BH218W","01有排行有提醒",28,3,0,0,0
"12","粤B3R80W","01有排行有提醒",2,29,72.59,163.62,11.28
"13","粤L39ES3","01有排行有提醒",0,12,81.42,183.52,0
"14","粤B048RX","01有排行有提醒",0,0,0,0,0
"15","粤LBY602","01有排行有提醒",31,0,0,0,372.31
"16","粤S45B27","01有排行有提醒",31,0,0,0,1146.38
"17","粤BT2220","01有排行有提醒",5,26,366.08,825.14,158.68
"18","皖AT0626","01有排行有提醒",0,8,224.94,507.01,0
"19","皖AT0626","01有排行有提醒",5,25,491.69,1108.27,221.65
"20","粤L39ES3","01有排行有提醒",0,26,224.94,507.01,0
"21","粤BT2220","01有排行有提醒",0,30,413,930.9,0
"22","粤B3R80W","01有排行有提醒",2,28,94.71,213.48,15.25
"23","粤B2K335","01有排行有提醒",0,30,94.27,212.48,0
"24","粤LBY602","01有排行有提醒",30,0,0,0,360.3
"25","粤S45B27","01有排行有提醒",30,0,0,0,1109.4
"26","粤BH218W","01有排行有提醒",30,0,0,0,0
"27","粤B048RX","01有排行有提醒",0,0,0,0,0
"28","皖AT0553","01有排行有提醒",0,24,841.25,1896.18,0
"29","皖AT0547","01有排行有提醒",0,3,154.43,348.09,0
"30","皖AT0650","01有排行有提醒",0,3,142.51,321.22,0
"31","皖AT0642","01有排行有提醒",0,2,67.03,151.09,0
"32","皖AT0665","01有排行有提醒",0,3,102.68,231.44,0
"33","皖AT0599","01有排行有提醒",0,3,92.58,208.68,0
"34","皖AT0568","01有排行有提醒",0,3,55.33,124.71,0
"35","皖AT0600","01有排行有提醒",0,3,126.23,284.52,0
"36","皖AT0628","01有排行有提醒",0,3,98.52,222.06,0
"37","皖AT0609","01有排行有提醒",0,1,0.94,2.12,0
"38","皖AT0619","01有排行有提醒",0,2,22.39,50.47,0
"39","皖AT0547","01有排行有提醒",0,31,1808.74,4076.9,0
"40","皖AT0650","01有排行有提醒",0,31,1791.87,4038.87,0
"41","皖AT0568","01有排行有提醒",0,31,1729.02,3897.21,0
"42","皖AT0600","01有排行有提醒",0,31,1926.01,4341.23,0
"43","皖AT0665","01有排行有提醒",0,31,1217.3,2743.79,0
"44","皖AT0628","01有排行有提醒",1,30,1070.18,2412.19,80.41
"45","皖AT0553","01有排行有提醒",17,13,378.96,854.18,1117
"46","粤B2K335","01有排行有提醒",7,24,62.34,140.51,40.98
"47","粤L39ES3","01有排行有提醒",0,28,188.15,424.09,0
"48","粤BT2220","01有排行有提醒",0,31,402.77,907.84,0
"49","皖AT0619","01有排行有提醒",0,31,618.29,1393.63,0
"50","粤B3R80W","01有排行有提醒",0,31,113.18,255.11,0
"51","皖AT0642","01有排行有提醒",1,12,74.79,168.58,14.05
"52","皖AT0626","01有排行有提醒",31,0,0,0,1541.63
"53","皖AT0609","01有排行有提醒",0,0,0,0,0
"54","粤S45B27","01有排行有提醒",31,0,0,0,1146.38
"55","粤B048RX","01有排行有提醒",0,0,0,0,0
"56","粤BH218W","01有排行有提醒",31,0,0,0,0
"57","粤LBY602","01有排行有提醒",31,0,0,0,372.31
"58","皖AT0599","01有排行有提醒",1,30,1076.8,2427.11,80.9
"59","皖AT0547","01有排行有提醒",2,29,1566.74,3531.43,243.55
"60","皖AT0600","01有排行有提醒",8,23,1257.14,2833.59,985.6
"61","皖AT0568","01有排行有提醒",8,23,1113.36,2509.51,872.87
"62","皖AT0650","01有排行有提醒",2,29,941.96,2123.18,146.43
"63","皖AT0665","01有排行有提醒",0,31,1284.27,2894.74,0
"64","皖AT0628","01有排行有提醒",4,27,934.72,2106.86,312.13
"65","皖AT0599","01有排行有提醒",0,31,960.07,2164,0
"66","皖AT0553","01有排行有提醒",6,24,944.21,2128.25,532.06
"67","粤B3R80W","01有排行有提醒",1,30,66.7,150.34,5.01
"68","皖AT0619","01有排行有提醒",0,31,881.37,1986.61,0
"69","粤L39ES3","01有排行有提醒",17,11,11.52,25.97,40.13
"70","皖AT0609","01有排行有提醒",0,0,0,0,0
"71","皖AT0642","01有排行有提醒",8,23,293.96,662.59,230.46
"72","粤BH218W","01有排行有提醒",31,0,0,0,0
"73","粤S45B27","01有排行有提醒",31,0,0,0,1146.38
"74","粤LBY602","01有排行有提醒",31,0,0,0,372.31
"75","皖AT0626","01有排行有提醒",31,0,0,0,1541.63
"76","粤B2K335","01有排行有提醒",31,0,0,0,253.89
"77","粤B048RX","01有排行有提醒",0,0,0,0,0
"78","粤BT2220","01有排行有提醒",13,18,242.66,546.96,395.02
"79","皖AT0665","01有排行有提醒",0,29,1036.19,2335.57,0
"80","皖AT0599","01有排行有提醒",3,26,357.32,805.4,92.93
"81","粤B3R80W","01有排行有提醒",2,27,59.38,133.84,9.91
"82","皖AT0547","01有排行有提醒",20,9,48.62,109.59,243.53
"83","皖AT0600","01有排行有提醒",29,0,0,0,3837.28
"84","皖AT0628","01有排行有提醒",9,20,111.31,250.89,112.9
"85","皖AT0568","01有排行有提醒",17,12,178.69,402.77,570.59
"86","皖AT0642","01有排行有提醒",20,9,29.4,66.27,147.26
"87","皖AT0619","01有排行有提醒",12,17,82.64,186.27,131.49
"88","皖AT0650","01有排行有提醒",15,14,281.03,633.44,678.69
"89","皖AT0609","01有排行有提醒",0,0,0,0,0
"90","粤BH218W","01有排行有提醒",29,0,0,0,0
"91","粤S45B27","01有排行有提醒",29,0,0,0,1072.42
"92","粤LBY602","01有排行有提醒",29,0,0,0,348.29
"93","皖AT0626","01有排行有提醒",29,0,0,0,1442.17
"94","皖AT0553","01有排行有提醒",26,3,1.31,2.95,25.59
"95","粤L39ES3","01有排行有提醒",27,1,1.02,2.3,62.08
"96","粤B2K335","01有排行有提醒",29,0,0,0,237.51
"97","粤B048RX","01有排行有提醒",0,0,0,0,0
"98","粤BT2220","01有排行有提醒",29,0,0,0,840.13
"99","皖AT0665","01有排行有提醒",0,31,1140.77,2571.3,0
"100","皖AT0568","01有排行有提醒",0,31,1276.17,2876.49,0
"101","皖AT0650","01有排行有提醒",0,31,513.21,1156.78,0
"102","皖AT0628","01有排行有提醒",5,26,515.87,1162.77,223.61
"103","皖AT0599","01有排行有提醒",0,31,711.33,1603.34,0
"104","皖AT0619","01有排行有提醒",1,30,187.37,422.33,14.08
"105","皖AT0642","01有排行有提醒",11,20,119.96,270.39,148.71
"106","粤B3R80W","01有排行有提醒",0,31,69.25,156.09,0
"107","粤L39ES3","01有排行有提醒",21,10,2.44,5.5,11.55
"108","皖AT0609","01有排行有提醒",0,0,0,0,0
"109","皖AT0547","01有排行有提醒",31,0,0,0,3605.61
"110","皖AT0600","01有排行有提醒",31,0,0,0,4101.92
"111","粤BH218W","01有排行有提醒",31,0,0,0,0
"112","粤S45B27","01有排行有提醒",31,0,0,0,1146.38
"113","粤LBY602","01有排行有提醒",31,0,0,0,372.31
"114","皖AT0626","01有排行有提醒",31,0,0,0,1541.63
"115","皖AT0553","01有排行有提醒",7,24,472.69,1065.44,310.75
"116","粤B2K335","01有排行有提醒",31,0,0,0,253.89
"117","粤B048RX","01有排行有提醒",0,0,0,0,0
"118","粤BT2220","01有排行有提醒",15,16,264.86,596.99,559.68
"119","皖AT0599","01有排行有提醒",0,30,1092.02,2461.41,0
"120","皖AT0568","01有排行有提醒",0,30,1572.87,3545.25,0
"121","皖AT0665","01有排行有提醒",0,30,1308.71,2949.83,0
"122","皖AT0553","01有排行有提醒",0,30,910.21,2051.61,0
"123","皖AT0650","01有排行有提醒",0,30,860.23,1938.96,0
"124","皖AT0628","01有排行有提醒",0,30,1152.84,2598.5,0
"125","粤BT2220","01有排行有提醒",7,23,384.96,867.7,264.08
"126","粤B3R80W","01有排行有提醒",0,30,71.8,161.84,0
"127","皖AT0642","01有排行有提醒",1,29,195.44,440.52,15.19
"128","粤L39ES3","01有排行有提醒",24,5,4.5,10.14,48.69
"129","皖AT0626","01有排行有提醒",30,0,0,0,1491.9
"130","粤LBY602","01有排行有提醒",30,0,0,0,360.3
"131","皖AT0547","01有排行有提醒",30,0,0,0,3489.3
"132","皖AT0619","01有排行有提醒",30,0,0,0,1093.5
"133","皖AT0609","01有排行有提醒",0,0,0,0,0
"134","粤B2K335","01有排行有提醒",30,0,0,0,245.7
"135","粤S45B27","01有排行有提醒",30,0,0,0,1109.4
"136","粤B048RX","01有排行有提醒",0,0,0,0,0
"137","粤BH218W","01有排行有提醒",30,0,0,0,0
"138","皖AT0600","01有排行有提醒",30,0,0,0,3969.6
"139","皖AT0628","01有排行有提醒",0,31,1310.49,2953.84,0
"140","皖AT0665","01有排行有提醒",0,31,1358.15,3061.27,0
"141","皖AT0568","01有排行有提醒",0,31,1625.69,3664.31,0
"142","皖AT0599","01有排行有提醒",0,31,1226.01,2763.43,0
"143","皖AT0553","01有排行有提醒",0,31,1147.98,2587.55,0
"144","皖AT0642","01有排行有提醒",0,31,231.85,522.59,0
"145","皖AT0650","01有排行有提醒",0,31,984.56,2219.2,0
"146","粤BT2220","01有排行有提醒",2,29,380.48,857.6,59.14
"147","粤B3R80W","01有排行有提醒",0,31,68.1,153.5,0
"148","粤LBY602","01有排行有提醒",31,0,0,0,372.31
"149","皖AT0547","01有排行有提醒",31,0,0,0,3605.61
"150","皖AT0626","01有排行有提醒",31,0,0,0,1541.63
"151","皖AT0619","01有排行有提醒",31,0,0,0,1129.95
"152","皖AT0609","01有排行有提醒",0,0,0,0,0
"153","粤S45B27","01有排行有提醒",31,0,0,0,1146.38
"154","粤L39ES3","01有排行有提醒",27,4,4.7,10.59,71.51
"155","粤B048RX","01有排行有提醒",0,0,0,0,0
"156","皖AT0600","01有排行有提醒",31,0,0,0,4101.92
"157","粤BH218W","01有排行有提醒",31,0,0,0,0
"158","粤B2K335","01有排行有提醒",31,0,0,0,253.89
"159","皖AT0568","01有排行有提醒",0,30,1613.34,3636.47,0
"160","皖AT0628","01有排行有提醒",0,30,1376.96,3103.67,0
"161","皖AT0665","01有排行有提醒",1,29,1217.36,2743.93,94.62
"162","皖AT0650","01有排行有提醒",0,30,936.38,2110.6,0
"163","皖AT0553","01有排行有提醒",0,30,1148.44,2588.58,0
"164","皖AT0599","01有排行有提醒",0,30,1169.4,2635.83,0
"165","皖AT0642","01有排行有提醒",0,30,244.19,550.4,0
"166","粤BT2220","01有排行有提醒",1,29,410.27,924.75,31.89
"167","粤B3R80W","01有排行有提醒",0,30,68.81,155.1,0
"168","皖AT0626","01有排行有提醒",30,0,0,0,1491.9
"169","皖AT0547","01有排行有提醒",30,0,0,0,3489.3
"170","粤B048RX","01有排行有提醒",0,0,0,0,0
"171","皖AT0609","01有排行有提醒",0,0,0,0,0
"172","粤BH218W","01有排行有提醒",30,0,0,0,0
"173","皖AT0619","01有排行有提醒",30,0,0,0,1093.5
"174","粤L39ES3","01有排行有提醒",25,5,2.81,6.33,31.67
"175","粤S45B27","01有排行有提醒",30,0,0,0,1109.4
"176","粤LBY602","01有排行有提醒",30,0,0,0,360.3
"177","皖AT0600","01有排行有提醒",30,0,0,0,3969.6
"178","粤B2K335","01有排行有提醒",30,0,0,0,245.7
"179","皖AT0599","01有排行有提醒",0,15,524.67,1182.61,0
"180","皖AT0650","01有排行有提醒",0,15,471.53,1062.83,0
"181","皖AT0628","01有排行有提醒",0,15,657.6,1482.23,0
"182","皖AT0665","01有排行有提醒",0,15,701.39,1580.93,0
"183","皖AT0553","01有排行有提醒",1,14,529.2,1192.82,85.2
"184","皖AT0568","01有排行有提醒",0,15,769.19,1733.75,0
"185","皖AT0642","01有排行有提醒",9,6,40.55,91.4,137.1
"186","粤BT2220","01有排行有提醒",7,8,136.33,307.29,268.88
"187","粤B3R80W","01有排行有提醒",0,15,28.99,65.34,0
"188","皖AT0609","01有排行有提醒",0,0,0,0,0
"189","皖AT0600","01有排行有提醒",15,0,0,0,1984.8
"190","皖AT0619","01有排行有提醒",15,0,0,0,546.75
"191","皖AT0547","01有排行有提醒",15,0,0,0,1744.65
"192","粤BH218W","01有排行有提醒",15,0,0,0,0
"193","粤S45B27","01有排行有提醒",15,0,0,0,554.7
"194","粤LBY602","01有排行有提醒",15,0,0,0,180.15
"195","皖AT0626","01有排行有提醒",15,0,0,0,745.95
"196","粤B048RX","01有排行有提醒",0,0,0,0,0
"197","粤L39ES3","01有排行有提醒",12,3,3.79,8.54,34.17
"198","粤B2K335","01有排行有提醒",15,0,0,0,122.85
"199","皖AT0568","01有排行有提醒",0,31,1863.1,4199.43,0
"200","皖AT0650","01有排行有提醒",0,31,1130.48,2548.1,0
"201","皖AT0665","01有排行有提醒",0,31,1482.49,3341.53,0
"202","皖AT0553","01有排行有提醒",0,31,1320.11,2975.53,0
"203","皖AT0599","01有排行有提醒",0,31,898.24,2024.63,0
"204","皖AT0628","01有排行有提醒",1,30,1506.54,3395.74,113.19
"205","皖AT0642","01有排行有提醒",3,28,236.32,532.67,57.07
"206","粤BT2220","01有排行有提醒",3,28,495.81,1117.56,119.74
"207","粤B3R80W","01有排行有提醒",30,1,1,2.25,67.62
"208","皖AT0619","01有排行有提醒",31,0,0,0,1129.95
"209","皖AT0609","01有排行有提醒",0,0,0,0,0
"210","皖AT0600","01有排行有提醒",31,0,0,0,4101.92
"211","皖AT0547","01有排行有提醒",31,0,0,0,3605.61
"212","粤BH218W","01有排行有提醒",31,0,0,0,0
"213","粤S45B27","01有排行有提醒",31,0,0,0,1146.38
"214","粤LBY602","01有排行有提醒",31,0,0,0,372.31
"215","皖AT0626","01有排行有提醒",31,0,0,0,1541.63
"216","粤B048RX","01有排行有提醒",0,0,0,0,0
"217","粤L39ES3","01有排行有提醒",31,0,0,0,388.43
"218","粤B2K335","01有排行有提醒",31,0,0,0,253.89
"219","皖AT0568","01有排行有提醒",0,30,1642.91,3703.12,0
"220","皖AT0628","01有排行有提醒",0,30,1352.54,3048.63,0
"221","皖AT0553","01有排行有提醒",0,30,1178.48,2656.29,0
"222","皖AT0665","01有排行有提醒",0,30,1406.33,3169.87,0
"223","皖AT0650","01有排行有提醒",0,30,972.1,2191.11,0
"224","皖AT0599","01有排行有提醒",0,30,835.48,1883.17,0
"225","皖AT0642","01有排行有提醒",3,27,224,504.9,56.1
"226","粤BT2220","01有排行有提醒",6,24,326.64,736.25,184.06
"227","皖AT0609","01有排行有提醒",0,0,0,0,0
"228","皖AT0547","01有排行有提醒",30,0,0,0,3489.3
"229","皖AT0619","01有排行有提醒",30,0,0,0,1093.5
"230","皖AT0600","01有排行有提醒",30,0,0,0,3969.6
"231","粤BH218W","01有排行有提醒",30,0,0,0,0
"232","粤S45B27","01有排行有提醒",30,0,0,0,1109.4
"233","粤LBY602","01有排行有提醒",30,0,0,0,360.3
"234","皖AT0626","01有排行有提醒",30,0,0,0,1491.9
"235","粤L39ES3","01有排行有提醒",30,0,0,0,375.9
"236","粤B2K335","01有排行有提醒",30,0,0,0,245.7
"237","粤B3R80W","01有排行有提醒",30,0,0,0,180.3
"238","粤B048RX","01有排行有提醒",0,0,0,0,0
"239","粤B3Q03K","02有排行无提醒",0,7,65.81,148.34,0
"240","闽C88DN2","02有排行无提醒",0,2,2.03,4.58,0
"241","粤B3Q03K","02有排行无提醒",0,31,416.96,939.83,0
"242","闽C88DN2","02有排行无提醒",0,31,52.21,117.68,0
"243","粤JCL629","02有排行无提醒",8,15,85.55,192.83,102.84
"244","粤B9XN26","02有排行无提醒",0,10,109.43,246.66,0
"245","粤BN8G52","02有排行无提醒",0,10,11.98,27,0
"246","粤B7U0H5","02有排行无提醒",2,9,23.5,52.97,11.77
"247","粤B3Q03K","02有排行无提醒",0,31,355.81,802,0
"248","粤B7U0H5","02有排行无提醒",6,25,40.11,90.41,21.7
"249","闽C88DN2","02有排行无提醒",28,3,4.98,11.22,104.77
"250","粤BN8G52","02有排行无提醒",0,0,0,0,0
"251","粤JCL629","02有排行无提醒",15,16,119.63,269.65,252.79
"252","粤B9XN26","02有排行无提醒",7,24,210.09,473.54,138.12
"253","皖AYY059","02有排行无提醒",4,4,13.79,31.08,31.08
"254","皖AT0540","04无排行无提醒",0,30,1307.13,2946.27,0
"255","皖AT0626","01有排行有提醒",5,25,491.69,1108.27,221.65
"256","粤B0Y92H","04无排行无提醒",13,17,162.49,366.25,280.08
"257","粤B3Q03K","02有排行无提醒",1,29,407.74,919.05,31.69
"258","粤L39ES3","01有排行有提醒",0,26,224.94,507.01,0
"259","粤JCL629","02有排行无提醒",18,12,59.95,135.13,202.69
"260","粤BT2220","01有排行有提醒",0,30,413,930.9,0
"261","粤B9XN26","02有排行无提醒",5,25,246.46,555.52,111.1
"262","粤B2X562","03无排行有提醒",1,29,72.87,164.25,5.66
"263","粤B3R80W","01有排行有提醒",2,28,94.71,213.48,15.25
"264","粤B892VK","03无排行有提醒",28,2,2.92,6.58,92.14
"265","粤B2K335","01有排行有提醒",0,30,94.27,212.48,0
"266","粤B7U0H5","02有排行无提醒",26,4,5.01,11.29,73.4
"267","粤STC809","03无排行有提醒",0,30,395.89,892.34,0
"268","粤PR5795","04无排行无提醒",8,22,38.71,87.25,31.73
"269","粤STB959","04无排行无提醒",16,14,31.08,70.05,80.06
"270","粤BN8G52","02有排行无提醒",0,0,0,0,0
"271","粤BP439V","04无排行无提醒",7,23,98.71,222.49,67.72
"272","皖AYY059","02有排行无提醒",30,0,0,0,236.4
"273","渝D865V3","03无排行有提醒",30,0,0,0,303.6
"274","粤TEST01","03无排行有提醒",0,0,0,0,0
"275","粤B83CT2","04无排行无提醒",29,1,1.13,2.55,73.86
"276","粤B4C0S6","04无排行无提醒",30,0,0,0,564.3
"277","粤BY1047","03无排行有提醒",30,0,0,0,81
"278","粤LBY602","01有排行有提醒",30,0,0,0,360.3
"279","粤B3AU48","03无排行有提醒",30,0,0,0,111.3
"280","闽C88DN2","02有排行无提醒",30,0,0,0,105.3
"281","粤S45B27","01有排行有提醒",30,0,0,0,1109.4
"282","粤B533CJ","03无排行有提醒",30,0,0,0,148.2
"283","粤B3RC91","04无排行无提醒",30,0,0,0,251.1
"284","粤BH218W","01有排行有提醒",30,0,0,0,0
"285","粤S09158","04无排行无提醒",30,0,0,0,299.7
"286","粤B048RX","01有排行有提醒",0,0,0,0,0
"287","粤BS207S","03无排行有提醒",0,9,27.6,62.21,0
"288","皖AT0553","01有排行有提醒",0,24,841.25,1896.18,0
"289","皖AT0576","02有排行无提醒",0,23,919.03,2071.49,0
"290","粤SL3H57","02有排行无提醒",19,4,7.99,18.01,85.54
"291","粤BL05M1","02有排行无提醒",5,1,1.97,4.44,22.2
"292","皖AT0575","02有排行无提醒",0,3,111.66,251.68,0
"293","皖AT0601","02有排行无提醒",0,3,158.83,358,0
"294","皖AT0623","04无排行无提醒",0,3,110.16,248.3,0
"295","皖AT0658","04无排行无提醒",0,3,91.38,205.97,0
"296","皖AT0560","04无排行无提醒",0,3,167.59,377.75,0
"297","皖AT0549","03无排行有提醒",0,3,179.29,404.12,0
"298","皖AT0580","02有排行无提醒",0,3,64.11,144.5,0
"299","皖AT0579","03无排行有提醒",0,3,95.54,215.35,0
"300","皖AT0547","01有排行有提醒",0,3,154.43,348.09,0
"301","皖AT0541","02有排行无提醒",0,3,174.5,393.32,0
"302","皖AT0621","03无排行有提醒",0,3,139.57,314.59,0
"303","皖AT0657","02有排行无提醒",0,3,155.49,350.47,0
"304","皖AT0631","03无排行有提醒",0,3,126.51,285.15,0
"305","皖AT0589","03无排行有提醒",0,3,97.43,219.61,0
"306","皖AT0650","01有排行有提醒",0,3,142.51,321.22,0
"307","皖AT0632","03无排行有提醒",0,3,165.72,373.53,0
"308","皖AT0563","03无排行有提醒",0,2,23.57,53.13,0
"309","皖AT0641","02有排行无提醒",0,3,97.56,219.9,0
"310","皖AT0596","03无排行有提醒",0,3,120.54,271.7,0
"311","皖AT0642","01有排行有提醒",0,2,67.03,151.09,0
"312","皖AT0633","03无排行有提醒",0,3,134.8,303.84,0
"313","皖AT0565","04无排行无提醒",0,3,124.88,281.48,0
"314","皖AT0665","01有排行有提醒",0,3,102.68,231.44,0
"315","皖AT0613","02有排行无提醒",0,3,121.39,273.61,0
"316","皖AT0599","01有排行有提醒",0,3,92.58,208.68,0
"317","皖AT0591","03无排行有提醒",0,3,144.26,325.16,0
"318","皖AT0666","04无排行无提醒",0,3,93.85,211.54,0
"319","皖AT0568","01有排行有提醒",0,3,55.33,124.71,0
"320","皖AT0608","04无排行无提醒",0,2,56.25,126.79,0
"321","皖AT0661","04无排行无提醒",0,3,91.51,206.26,0
"322","皖AT0600","01有排行有提醒",0,3,126.23,284.52,0
"323","皖AT0539","03无排行有提醒",0,3,132.05,297.64,0
"324","皖AT0543","02有排行无提醒",2,1,14.79,33.34,66.67
"325","皖AT0628","01有排行有提醒",0,3,98.52,222.06,0
"326","皖AT0620","02有排行无提醒",0,3,60.18,135.65,0
"327","皖AT0616","04无排行无提醒",0,3,86.75,195.53,0
"328","皖AT0556","04无排行无提醒",0,1,5.29,11.92,0
"329","皖AT0609","01有排行有提醒",0,1,0.94,2.12,0
"330","1.22E+16","02有排行无提醒",2,1,0.82,1.85,3.7
"331","1.22E+16","03无排行有提醒",2,1,0.26,0.59,1.17
"332","皖AT0619","01有排行有提醒",0,2,22.39,50.47,0
"333","皖AT0580","02有排行无提醒",0,31,624.08,1406.68,0
"334","皖AT0541","02有排行无提醒",0,31,2030.29,4576.27,0
"335","皖AT0657","02有排行无提醒",0,31,1743.53,3929.92,0
"336","皖AT0576","02有排行无提醒",0,31,1747.35,3938.53,0
"337","皖AT0601","02有排行无提醒",0,31,1672.08,3768.87,0
"338","皖AT0641","02有排行无提醒",0,7,274.15,617.93,0
"339","皖AT0613","02有排行无提醒",0,31,1304.93,2941.31,0
"340","皖AT0575","02有排行无提醒",0,31,1571.63,3542.45,0
"341","皖AT0620","02有排行无提醒",0,31,944.94,2129.89,0
"342","粤B9XN26","02有排行无提醒",2,29,236.18,532.35,36.71
"343","粤B3Q03K","02有排行无提醒",2,29,407.71,918.98,63.38
"344","闽C88DN2","02有排行无提醒",31,0,0,0,108.81
"345","1.22E+16","02有排行无提醒",31,0,0,0,57.35
"346","皖AYY059","02有排行无提醒",31,0,0,0,244.28
"347","粤B7U0H5","02有排行无提醒",31,0,0,0,120.59
"348","粤BN8G52","02有排行无提醒",0,0,0,0,0
"349","粤BL05M1","02有排行无提醒",8,23,43.03,96.99,33.74
"350","粤JCL629","02有排行无提醒",19,12,62.12,140.02,221.7
"351","皖AT0543","02有排行无提醒",31,0,0,0,1033.54
"352","粤SL3H57","02有排行无提醒",31,0,0,0,139.5
"353","皖AT0576","02有排行无提醒",1,30,1184.12,2669.01,88.97
"354","皖AT0541","02有排行无提醒",0,31,1998.67,4505,0
"355","皖AT0580","02有排行无提醒",0,31,384.46,866.57,0
"356","粤B3Q03K","02有排行无提醒",3,28,323.47,729.1,78.12
"357","皖AT0657","02有排行无提醒",0,31,1576.78,3554.06,0
"358","皖AT0601","02有排行无提醒",4,27,1098.68,2476.42,366.88
"359","皖AT0575","02有排行无提醒",6,25,1074.25,2421.36,581.13
"360","皖AT0613","02有排行无提醒",3,28,866.68,1953.5,209.3
"361","皖AT0620","02有排行无提醒",2,29,684.71,1543.34,106.44
"362","粤JCL629","02有排行无提醒",8,23,158.47,357.19,124.24
"363","皖AT0641","02有排行无提醒",0,0,0,0,0
"364","皖AT0543","02有排行无提醒",31,0,0,0,1033.54
"365","1.22E+16","02有排行无提醒",31,0,0,0,57.35
"366","皖AYY059","02有排行无提醒",31,0,0,0,244.28
"367","粤B9XN26","02有排行无提醒",17,14,140.76,317.27,385.26
"368","闽C88DN2","02有排行无提醒",31,0,0,0,108.81
"369","粤SL3H57","02有排行无提醒",31,0,0,0,139.5
"370","粤BL05M1","02有排行无提醒",7,24,146.99,331.32,96.63
"371","粤B7U0H5","02有排行无提醒",31,0,0,0,120.59
"372","粤BN8G52","02有排行无提醒",0,0,0,0,0
"373","皖AT0541","02有排行无提醒",1,28,628.5,1416.64,50.59
"374","皖AT0580","02有排行无提醒",1,28,146.95,331.23,11.83
"375","粤BL05M1","02有排行无提醒",19,10,111.03,250.26,475.5
"376","皖AT0613","02有排行无提醒",19,10,35.04,78.98,150.06
"377","粤JCL629","02有排行无提醒",18,11,16.28,36.7,60.05
"378","皖AT0576","02有排行无提醒",23,6,2.01,4.53,17.37
"379","皖AT0620","02有排行无提醒",19,10,53.37,120.3,228.56
"380","皖AT0601","02有排行无提醒",20,9,167.37,377.25,838.34
"381","皖AT0657","02有排行无提醒",1,28,608.93,1372.53,49.02
"382","皖AT0641","02有排行无提醒",0,0,0,0,0
"383","皖AT0575","02有排行无提醒",21,8,131.8,297.08,779.83
"384","皖AT0543","02有排行无提醒",29,0,0,0,966.86
"385","闽C88DN2","02有排行无提醒",29,0,0,0,101.79
"386","粤B3Q03K","02有排行无提醒",7,20,45.71,103.03,36.06
"387","1.22E+16","02有排行无提醒",29,0,0,0,53.65
"388","皖AYY059","02有排行无提醒",29,0,0,0,228.52
"389","粤B9XN26","02有排行无提醒",28,1,5.48,12.35,345.85
"390","粤SL3H57","02有排行无提醒",29,0,0,0,130.5
"391","粤B7U0H5","02有排行无提醒",29,0,0,0,112.81
"392","粤BN8G52","02有排行无提醒",0,0,0,0,0
"393","皖AT0575","02有排行无提醒",3,28,917.16,2067.28,221.49
"394","皖AT0601","02有排行无提醒",10,21,576.58,1299.61,618.86
"395","皖AT0657","02有排行无提醒",0,31,1370.64,3089.42,0
"396","皖AT0541","02有排行无提醒",0,31,1221.15,2752.47,0
"397","皖AT0580","02有排行无提醒",0,31,154.32,347.84,0
"398","皖AT0576","02有排行无提醒",5,26,717.58,1617.43,311.04
"399","粤B3Q03K","02有排行无提醒",1,30,110.12,248.21,8.27
"400","粤BL05M1","02有排行无提醒",23,8,73.31,165.24,475.07
"401","皖AT0613","02有排行无提醒",15,16,397.64,896.28,840.26
"402","皖AT0620","02有排行无提醒",2,29,576.39,1299.18,89.6
"403","皖AT0641","02有排行无提醒",0,0,0,0,0
"404","皖AT0543","02有排行无提醒",31,0,0,0,1033.54
"405","粤JCL629","02有排行无提醒",5,26,30.14,67.94,13.06
"406","1.22E+16","02有排行无提醒",31,0,0,0,57.35
"407","皖AYY059","02有排行无提醒",31,0,0,0,244.28
"408","粤B9XN26","02有排行无提醒",5,26,213.79,481.88,92.67
"409","闽C88DN2","02有排行无提醒",31,0,0,0,108.81
"410","粤SL3H57","02有排行无提醒",31,0,0,0,139.5
"411","粤B7U0H5","02有排行无提醒",31,0,0,0,120.59
"412","粤BN8G52","02有排行无提醒",0,0,0,0,0
"413","皖AT0541","02有排行无提醒",0,30,1594.83,3594.75,0
"414","皖AT0575","02有排行无提醒",6,24,1268.97,2860.26,715.06
"415","皖AT0601","02有排行无提醒",0,30,1077.42,2428.5,0
"416","皖AT0576","02有排行无提醒",0,30,1092.75,2463.06,0
"417","皖AT0580","02有排行无提醒",7,23,265.99,599.54,182.47
"418","皖AT0620","02有排行无提醒",0,30,787.33,1774.64,0
"419","皖AT0657","02有排行无提醒",0,30,1138.86,2566.99,0
"420","粤B3Q03K","02有排行无提醒",0,30,92.43,208.34,0
"421","粤JCL629","02有排行无提醒",6,24,30.18,68.03,17.01
"422","皖AT0641","02有排行无提醒",0,0,0,0,0
"423","粤BN8G52","02有排行无提醒",0,0,0,0,0
"424","皖AYY059","02有排行无提醒",30,0,0,0,236.4
"425","1.22E+16","02有排行无提醒",30,0,0,0,55.5
"426","闽C88DN2","02有排行无提醒",30,0,0,0,105.3
"427","皖AT0543","02有排行无提醒",30,0,0,0,1000.2
"428","粤B9XN26","02有排行无提醒",7,23,259.26,584.37,177.85
"429","粤SL3H57","02有排行无提醒",30,0,0,0,135
"430","粤B7U0H5","02有排行无提醒",30,0,0,0,116.7
"431","皖AT0613","02有排行无提醒",30,0,0,0,2387.1
"432","粤BL05M1","02有排行无提醒",17,13,33.8,76.19,99.63
"433","皖AT0601","02有排行无提醒",0,31,1247.22,2811.23,0
"434","皖AT0541","02有排行无提醒",0,31,1854.03,4178.98,0
"435","皖AT0657","02有排行无提醒",0,31,1230.5,2773.55,0
"436","皖AT0576","02有排行无提醒",1,30,1034.1,2330.86,77.7
"437","皖AT0620","02有排行无提醒",0,31,1002.63,2259.93,0
"438","粤B9XN26","02有排行无提醒",5,26,283.74,639.55,122.99
"439","粤B3Q03K","02有排行无提醒",1,30,101.15,227.99,7.6
"440","皖AYY059","02有排行无提醒",31,0,0,0,244.28
"441","粤JCL629","02有排行无提醒",18,13,23.48,52.92,73.28
"442","皖AT0641","02有排行无提醒",0,0,0,0,0
"443","皖AT0575","02有排行无提醒",31,0,0,0,3261.51
"444","1.22E+16","02有排行无提醒",31,0,0,0,57.35
"445","闽C88DN2","02有排行无提醒",31,0,0,0,108.81
"446","皖AT0580","02有排行无提醒",31,0,0,0,787.09
"447","粤SL3H57","02有排行无提醒",31,0,0,0,139.5
"448","粤BL05M1","02有排行无提醒",16,15,96.39,217.26,231.75
"449","粤B7U0H5","02有排行无提醒",31,0,0,0,120.59
"450","粤BN8G52","02有排行无提醒",0,0,0,0,0
"451","皖AT0613","02有排行无提醒",14,17,674.72,1520.82,1252.44
"452","皖AT0543","02有排行无提醒",31,0,0,0,1033.54
"453","皖AT0601","02有排行无提醒",0,30,1222.4,2755.29,0
"454","皖AT0541","02有排行无提醒",0,30,1193.62,2690.42,0
"455","皖AT0576","02有排行无提醒",15,15,564.06,1271.39,1271.39
"456","皖AT0657","02有排行无提醒",0,30,1100.49,2480.5,0
"457","皖AT0620","02有排行无提醒",0,30,1119.33,2522.97,0
"458","粤B9XN26","02有排行无提醒",3,27,306.88,691.71,76.86
"459","粤JCL629","02有排行无提醒",7,23,47.47,107,32.56
"460","粤B3Q03K","02有排行无提醒",0,30,117.29,264.37,0
"461","粤BL05M1","02有排行无提醒",26,4,10.26,23.13,150.32
"462","1.22E+16","02有排行无提醒",30,0,0,0,55.5
"463","皖AT0575","02有排行无提醒",30,0,0,0,3156.3
"464","皖AT0641","02有排行无提醒",0,0,0,0,0
"465","皖AT0580","02有排行无提醒",30,0,0,0,761.7
"466","皖AYY059","02有排行无提醒",30,0,0,0,236.4
"467","皖AT0613","02有排行无提醒",1,29,1137.56,2564.06,88.42
"468","闽C88DN2","02有排行无提醒",30,0,0,0,105.3
"469","粤SL3H57","02有排行无提醒",30,0,0,0,135
"470","粤B7U0H5","02有排行无提醒",30,0,0,0,116.7
"471","皖AT0543","02有排行无提醒",30,0,0,0,1000.2
"472","粤BN8G52","02有排行无提醒",0,0,0,0,0
"473","皖AT0657","02有排行无提醒",0,15,617.32,1391.44,0
"474","皖AT0613","02有排行无提醒",0,15,631.9,1424.3,0
"475","皖AT0541","02有排行无提醒",0,15,625.97,1410.94,0
"476","皖AT0620","02有排行无提醒",0,15,524.23,1181.61,0
"477","皖AT0601","02有排行无提醒",0,15,627.24,1413.8,0
"478","粤B9XN26","02有排行无提醒",2,13,140.06,315.7,48.57
"479","粤JCL629","02有排行无提醒",4,11,25.59,57.68,20.97
"480","粤BL05M1","02有排行无提醒",2,13,29.74,67.03,10.31
"481","皖AT0580","02有排行无提醒",15,0,0,0,380.85
"482","闽C88DN2","02有排行无提醒",15,0,0,0,52.65
"483","皖AT0575","02有排行无提醒",15,0,0,0,1578.15
"484","皖AT0641","02有排行无提醒",0,0,0,0,0
"485","粤B3Q03K","02有排行无提醒",15,0,0,0,295.95
"486","1.22E+16","02有排行无提醒",15,0,0,0,27.75
"487","皖AYY059","02有排行无提醒",15,0,0,0,118.2
"488","皖AT0543","02有排行无提醒",15,0,0,0,500.1
"489","皖AT0576","02有排行无提醒",15,0,0,0,1302
"490","粤SL3H57","02有排行无提醒",15,0,0,0,67.5
"491","粤B7U0H5","02有排行无提醒",15,0,0,0,58.35
"492","粤BN8G52","02有排行无提醒",0,0,0,0,0
"493","皖AT0657","02有排行无提醒",23,8,434.7,979.81,2816.96
"494","皖AT0601","02有排行无提醒",0,31,1564.82,3527.1,0
"495","皖AT0620","02有排行无提醒",0,31,880.25,1984.08,0
"496","皖AT0613","02有排行无提醒",0,31,980.36,2209.73,0
"497","皖AT0541","02有排行无提醒",0,31,1360.72,3067.06,0
"498","粤BL05M1","02有排行无提醒",9,21,88.35,199.14,85.35
"499","闽C88DN2","02有排行无提醒",31,0,0,0,108.81
"500","皖AT0580","02有排行无提醒",31,0,0,0,787.09
"501","皖AT0641","02有排行无提醒",0,0,0,0,0
"502","皖AT0575","02有排行无提醒",31,0,0,0,3261.51
"503","粤JCL629","02有排行无提醒",31,0,0,0,254.51
"504","粤B3Q03K","02有排行无提醒",31,0,0,0,611.63
"505","皖AYY059","02有排行无提醒",31,0,0,0,244.28
"506","粤B9XN26","02有排行无提醒",31,0,0,0,681.38
"507","皖AT0543","02有排行无提醒",31,0,0,0,1033.54
"508","皖AT0576","02有排行无提醒",31,0,0,0,2690.8
"509","粤SL3H57","02有排行无提醒",31,0,0,0,139.5
"510","粤B7U0H5","02有排行无提醒",31,0,0,0,120.59
"511","粤BN8G52","02有排行无提醒",0,0,0,0,0
"512","皖AT0601","02有排行无提醒",8,22,879.55,1982.51,720.91
"513","皖AT0613","02有排行无提醒",0,30,887.13,1999.59,0
"514","皖AT0541","02有排行无提醒",7,23,866.94,1954.08,594.72
"515","皖AT0620","02有排行无提醒",3,27,624.99,1408.73,156.53
"516","粤BL05M1","02有排行无提醒",12,18,78.43,176.78,117.85
"517","皖AT0641","02有排行无提醒",0,0,0,0,0
"518","皖AT0580","02有排行无提醒",30,0,0,0,761.7
"519","皖AT0657","02有排行无提醒",30,0,0,0,2942.7
"520","皖AT0575","02有排行无提醒",30,0,0,0,3156.3
"521","皖AT0543","02有排行无提醒",30,0,0,0,1000.2
"522","粤JCL629","02有排行无提醒",30,0,0,0,246.3
"523","闽C88DN2","02有排行无提醒",30,0,0,0,105.3
"524","粤B3Q03K","02有排行无提醒",30,0,0,0,591.9
"525","皖AYY059","02有排行无提醒",30,0,0,0,236.4
"526","粤B9XN26","02有排行无提醒",30,0,0,0,659.4
"527","皖AT0576","02有排行无提醒",30,0,0,0,2604
"528","粤SL3H57","02有排行无提醒",30,0,0,0,135
"529","粤B7U0H5","02有排行无提醒",30,0,0,0,116.7
"530","粤BN8G52","02有排行无提醒",0,0,0,0,0
"531","粤B3AU48","03无排行有提醒",14,13,43.5,98.05,105.59
"532","粤B533CJ","03无排行有提醒",9,15,32.88,74.11,44.47
"533","粤B2X562","03无排行有提醒",2,21,68.74,154.94,14.76
"534","粤BY1047","03无排行有提醒",16,1,1.2,2.7,43.28
"535","粤STC809","03无排行有提醒",2,14,160.78,362.4,51.77
"536","渝D865V3","03无排行有提醒",0,11,46.09,103.89,0
"537","渝D865V3","03无排行有提醒",0,30,140.31,316.26,0
"538","粤STC809","03无排行有提醒",16,14,78.78,177.57,202.94
"539","粤B2X562","03无排行有提醒",2,27,120.69,272.04,20.15
"540","粤BY1047","03无排行有提醒",30,0,0,0,81
"541","粤B3AU48","03无排行有提醒",5,25,30.16,67.98,13.6
"542","粤B533CJ","03无排行有提醒",30,0,0,0,148.2
"543","粤B892VK","03无排行有提醒",0,21,68.02,153.32,0
"544","粤BS207S","03无排行有提醒",0,2,3.32,7.48,0
"545","粤BS207S","03无排行有提醒",0,13,99.04,223.24,0
"546","渝D865V3","03无排行有提醒",4,27,119.02,268.27,39.74
"547","粤B892VK","03无排行有提醒",0,31,73.61,165.92,0
"548","粤B2X562","03无排行有提醒",7,24,58.35,131.52,38.36
"549","粤STC809","03无排行有提醒",3,28,341.34,769.38,82.43
"550","粤BY1047","03无排行有提醒",31,0,0,0,83.7
"551","粤B3AU48","03无排行有提醒",22,8,3.63,8.18,22.5
"552","粤B533CJ","03无排行有提醒",31,0,0,0,153.14
"553","粤B2X562","03无排行有提醒",1,29,72.87,164.25,5.66
"554","粤B892VK","03无排行有提醒",28,2,2.92,6.58,92.14
"555","粤STC809","03无排行有提醒",0,30,395.89,892.34,0
"556","渝D865V3","03无排行有提醒",30,0,0,0,303.6
"557","粤BY1047","03无排行有提醒",30,0,0,0,81
"558","粤B3AU48","03无排行有提醒",30,0,0,0,111.3
"559","粤B533CJ","03无排行有提醒",30,0,0,0,148.2
"560","粤BS207S","03无排行有提醒",0,9,27.6,62.21,0
"561","皖AT0549","03无排行有提醒",0,3,179.29,404.12,0
"562","皖AT0579","03无排行有提醒",0,3,95.54,215.35,0
"563","皖AT0621","03无排行有提醒",0,3,139.57,314.59,0
"564","皖AT0631","03无排行有提醒",0,3,126.51,285.15,0
"565","皖AT0589","03无排行有提醒",0,3,97.43,219.61,0
"566","皖AT0632","03无排行有提醒",0,3,165.72,373.53,0
"567","皖AT0563","03无排行有提醒",0,2,23.57,53.13,0
"568","皖AT0596","03无排行有提醒",0,3,120.54,271.7,0
"569","皖AT0633","03无排行有提醒",0,3,134.8,303.84,0
"570","皖AT0591","03无排行有提醒",0,3,144.26,325.16,0
"571","皖AT0539","03无排行有提醒",0,3,132.05,297.64,0
"572","1.22E+16","03无排行有提醒",2,1,0.26,0.59,1.17
"573","皖AT0591","03无排行有提醒",0,31,1638.28,3692.68,0
"574","皖AT0589","03无排行有提醒",0,31,1599.37,3604.98,0
"575","皖AT0632","03无排行有提醒",8,23,1602.43,3611.88,1256.31
"576","皖AT0539","03无排行有提醒",9,22,1091.25,2459.68,1006.23
"577","皖AT0549","03无排行有提醒",0,31,2036.17,4589.53,0
"578","皖AT0633","03无排行有提醒",0,31,1545.06,3482.57,0
"579","皖AT0579","03无排行有提醒",0,31,1382.65,3116.49,0
"580","皖AT0596","03无排行有提醒",0,31,1150.12,2592.37,0
"581","皖AT0631","03无排行有提醒",0,30,1045.63,2356.85,0
"582","皖AT0621","03无排行有提醒",0,31,1366.13,3079.26,0
"583","粤STC809","03无排行有提醒",0,31,658.54,1484.35,0
"584","皖AT0563","03无排行有提醒",0,28,1058.64,2386.17,0
"585","粤BY1047","03无排行有提醒",31,0,0,0,83.7
"586","1.22E+16","03无排行有提醒",31,0,0,0,18.29
"587","粤B892VK","03无排行有提醒",31,0,0,0,187.24
"588","粤B2X562","03无排行有提醒",5,26,59.17,133.37,25.65
"589","渝D865V3","03无排行有提醒",31,0,0,0,313.72
"590","粤B3AU48","03无排行有提醒",31,0,0,0,115.01
"591","粤BS207S","03无排行有提醒",0,11,79.56,179.33,0
"592","粤B533CJ","03无排行有提醒",31,0,0,0,153.14
"593","皖AT0549","03无排行有提醒",3,28,1293.23,2914.94,312.32
"594","皖AT0633","03无排行有提醒",24,7,308.95,696.37,2387.57
"595","皖AT0589","03无排行有提醒",1,27,1013.24,2283.84,84.59
"596","皖AT0591","03无排行有提醒",5,26,1297.08,2923.62,562.23
"597","皖AT0621","03无排行有提醒",6,25,877.42,1977.7,474.65
"598","皖AT0579","03无排行有提醒",6,25,1071.29,2414.69,579.53
"599","皖AT0596","03无排行有提醒",2,29,1020.69,2300.64,158.66
"600","皖AT0631","03无排行有提醒",1,30,855.13,1927.46,64.25
"601","皖AT0563","03无排行有提醒",7,24,987.23,2225.22,649.02
"602","粤BS207S","03无排行有提醒",6,17,60.49,136.34,48.12
"603","粤STC809","03无排行有提醒",13,18,413.16,931.26,672.58
"604","皖AT0632","03无排行有提醒",31,0,0,0,4376.89
"605","皖AT0539","03无排行有提醒",31,0,0,0,3421.47
"606","渝D865V3","03无排行有提醒",31,0,0,0,313.72
"607","粤B2X562","03无排行有提醒",31,0,0,0,207.39
"608","粤B533CJ","03无排行有提醒",31,0,0,0,153.14
"609","粤B3AU48","03无排行有提醒",31,0,0,0,115.01
"610","1.22E+16","03无排行有提醒",31,0,0,0,18.29
"611","粤B892VK","03无排行有提醒",31,0,0,0,187.24
"612","粤BY1047","03无排行有提醒",31,0,0,0,83.7
"613","皖AT0621","03无排行有提醒",26,3,10.48,23.62,204.72
"614","皖AT0589","03无排行有提醒",21,8,86.92,195.92,514.28
"615","粤BS207S","03无排行有提醒",21,8,5.88,13.25,34.79
"616","皖AT0591","03无排行有提醒",8,21,428.87,966.67,368.26
"617","皖AT0549","03无排行有提醒",13,15,263.72,594.42,515.17
"618","皖AT0579","03无排行有提醒",13,16,214.12,482.63,392.13
"619","皖AT0539","03无排行有提醒",29,0,0,0,3200.73
"620","皖AT0632","03无排行有提醒",29,0,0,0,4094.51
"621","皖AT0631","03无排行有提醒",25,4,22.64,51.03,318.94
"622","皖AT0596","03无排行有提醒",16,13,105.69,238.23,293.2
"623","皖AT0563","03无排行有提醒",28,1,0.61,1.37,38.5
"624","粤B2X562","03无排行有提醒",29,0,0,0,194.01
"625","粤B533CJ","03无排行有提醒",29,0,0,0,143.26
"626","粤B3AU48","03无排行有提醒",29,0,0,0,107.59
"627","1.22E+16","03无排行有提醒",29,0,0,0,17.11
"628","皖AT0633","03无排行有提醒",29,0,0,0,3211.46
"629","渝D865V3","03无排行有提醒",29,0,0,0,293.48
"630","粤B892VK","03无排行有提醒",29,0,0,0,175.16
"631","粤STC809","03无排行有提醒",29,0,0,0,1086.05
"632","粤BY1047","03无排行有提醒",29,0,0,0,78.3
"633","皖AT0549","03无排行有提醒",0,31,1324.15,2984.63,0
"634","皖AT0579","03无排行有提醒",0,31,679.34,1531.23,0
"635","皖AT0591","03无排行有提醒",1,30,1138.96,2567.22,85.57
"636","皖AT0589","03无排行有提醒",0,31,1056.22,2380.72,0
"637","皖AT0596","03无排行有提醒",0,31,747.69,1685.29,0
"638","渝D865V3","03无排行有提醒",31,0,0,0,313.72
"639","皖AT0632","03无排行有提醒",18,13,681.21,1535.45,2126
"640","皖AT0631","03无排行有提醒",4,27,472.42,1064.83,157.75
"641","皖AT0539","03无排行有提醒",31,0,0,0,3421.47
"642","皖AT0621","03无排行有提醒",17,14,187.97,423.68,514.47
"643","皖AT0563","03无排行有提醒",11,20,450.99,1016.53,559.09
"644","粤B2X562","03无排行有提醒",31,0,0,0,207.39
"645","粤B533CJ","03无排行有提醒",31,0,0,0,153.14
"646","粤B3AU48","03无排行有提醒",31,0,0,0,115.01
"647","1.22E+16","03无排行有提醒",31,0,0,0,18.29
"648","皖AT0633","03无排行有提醒",31,0,0,0,3432.94
"649","粤BS207S","03无排行有提醒",31,0,0,0,315.89
"650","粤B892VK","03无排行有提醒",31,0,0,0,187.24
"651","粤STC809","03无排行有提醒",7,24,258.41,582.46,169.88
"652","粤BY1047","03无排行有提醒",31,0,0,0,83.7
"653","皖AT0589","03无排行有提醒",0,30,1038.28,2340.28,0
"654","皖AT0549","03无排行有提醒",0,30,1633.67,3682.29,0
"655","皖AT0591","03无排行有提醒",0,30,1524.58,3436.4,0
"656","皖AT0632","03无排行有提醒",5,25,1400.04,3155.69,631.14
"657","皖AT0621","03无排行有提醒",2,28,800.39,1804.08,128.86
"658","皖AT0631","03无排行有提醒",0,30,842.22,1898.36,0
"659","皖AT0579","03无排行有提醒",0,30,1201.69,2708.61,0
"660","皖AT0596","03无排行有提醒",0,30,1042.66,2350.16,0
"661","粤STC809","03无排行有提醒",0,30,455.82,1027.42,0
"662","1.22E+16","03无排行有提醒",30,0,0,0,17.7
"663","粤B3AU48","03无排行有提醒",30,0,0,0,111.3
"664","粤BY1047","03无排行有提醒",30,0,0,0,81
"665","皖AT0563","03无排行有提醒",4,26,789.33,1779.15,273.72
"666","粤B2X562","03无排行有提醒",30,0,0,0,200.7
"667","皖AT0633","03无排行有提醒",30,0,0,0,3322.2
"668","粤BS207S","03无排行有提醒",30,0,0,0,305.7
"669","粤B892VK","03无排行有提醒",30,0,0,0,181.2
"670","皖AT0539","03无排行有提醒",30,0,0,0,3311.1
"671","粤B533CJ","03无排行有提醒",30,0,0,0,148.2
"672","渝D865V3","03无排行有提醒",30,0,0,0,303.6
"673","皖AT0632","03无排行有提醒",0,31,2065.55,4655.75,0
"674","皖AT0549","03无排行有提醒",0,31,1832.41,4130.25,0
"675","皖AT0591","03无排行有提醒",0,31,1512.59,3409.38,0
"676","皖AT0579","03无排行有提醒",0,31,1542.65,3477.13,0
"677","皖AT0589","03无排行有提醒",2,29,875.89,1974.26,136.16
"678","皖AT0631","03无排行有提醒",2,29,981.73,2212.82,152.61
"679","皖AT0596","03无排行有提醒",0,31,1065.51,2401.66,0
"680","皖AT0563","03无排行有提醒",1,30,740.53,1669.15,55.64
"681","皖AT0621","03无排行有提醒",0,31,1166.29,2628.82,0
"682","粤STC809","03无排行有提醒",0,31,642.05,1447.18,0
"683","粤B3AU48","03无排行有提醒",31,0,0,0,115.01
"684","1.22E+16","03无排行有提醒",31,0,0,0,18.29
"685","皖AT0539","03无排行有提醒",31,0,0,0,3421.47
"686","粤BS207S","03无排行有提醒",31,0,0,0,315.89
"687","粤B892VK","03无排行有提醒",31,0,0,0,187.24
"688","粤BY1047","03无排行有提醒",31,0,0,0,83.7
"689","皖AT0633","03无排行有提醒",31,0,0,0,3432.94
"690","粤B533CJ","03无排行有提醒",31,0,0,0,153.14
"691","渝D865V3","03无排行有提醒",31,0,0,0,313.72
"692","粤B2X562","03无排行有提醒",31,0,0,0,207.39
"693","皖AT0549","03无排行有提醒",2,28,1603.92,3615.24,258.23
"694","皖AT0632","03无排行有提醒",2,28,1782.75,4018.32,287.02
"695","皖AT0621","03无排行有提醒",1,29,1169.67,2636.44,90.91
"696","皖AT0591","03无排行有提醒",0,30,1521.18,3428.74,0
"697","皖AT0631","03无排行有提醒",0,30,1010.88,2278.52,0
"698","皖AT0596","03无排行有提醒",0,30,1024.9,2310.12,0
"699","皖AT0579","03无排行有提醒",15,15,728.67,1642.42,1642.42
"700","皖AT0563","03无排行有提醒",7,23,745.95,1681.37,511.72
"701","粤STC809","03无排行有提醒",0,30,683,1539.48,0
"702","1.22E+16","03无排行有提醒",30,0,0,0,17.7
"703","皖AT0589","03无排行有提醒",30,0,0,0,2463.3
"704","粤B2X562","03无排行有提醒",30,0,0,0,200.7
"705","粤B533CJ","03无排行有提醒",30,0,0,0,148.2
"706","粤BY1047","03无排行有提醒",30,0,0,0,81
"707","皖AT0633","03无排行有提醒",30,0,0,0,3322.2
"708","粤B3AU48","03无排行有提醒",30,0,0,0,111.3
"709","粤BS207S","03无排行有提醒",30,0,0,0,305.7
"710","粤B892VK","03无排行有提醒",30,0,0,0,181.2
"711","皖AT0539","03无排行有提醒",30,0,0,0,3311.1
"712","渝D865V3","03无排行有提醒",30,0,0,0,303.6
"713","皖AT0632","03无排行有提醒",0,15,958.17,2159.72,0
"714","皖AT0596","03无排行有提醒",0,15,587.7,1324.68,0
"715","皖AT0591","03无排行有提醒",0,15,744.49,1678.08,0
"716","皖AT0563","03无排行有提醒",1,14,475.37,1071.48,76.53
"717","皖AT0631","03无排行有提醒",0,15,545.95,1230.57,0
"718","皖AT0621","03无排行有提醒",0,15,652.12,1469.88,0
"719","粤STC809","03无排行有提醒",0,15,306.03,689.79,0
"720","皖AT0579","03无排行有提醒",15,0,0,0,1281
"721","皖AT0589","03无排行有提醒",15,0,0,0,1231.65
"722","渝D865V3","03无排行有提醒",15,0,0,0,151.8
"723","皖AT0539","03无排行有提醒",15,0,0,0,1655.55
"724","粤B2X562","03无排行有提醒",15,0,0,0,100.35
"725","粤B533CJ","03无排行有提醒",15,0,0,0,74.1
"726","粤B3AU48","03无排行有提醒",15,0,0,0,55.65
"727","1.22E+16","03无排行有提醒",15,0,0,0,8.85
"728","粤BY1047","03无排行有提醒",15,0,0,0,40.5
"729","皖AT0549","03无排行有提醒",15,0,0,0,1831.2
"730","皖AT0633","03无排行有提醒",15,0,0,0,1661.1
"731","粤BS207S","03无排行有提醒",15,0,0,0,152.85
"732","粤B892VK","03无排行有提醒",15,0,0,0,90.6
"733","皖AT0596","03无排行有提醒",0,31,1386.45,3125.06,0
"734","皖AT0591","03无排行有提醒",0,31,1607.49,3623.28,0
"735","皖AT0631","03无排行有提醒",0,31,1113.47,2509.76,0
"736","皖AT0632","03无排行有提醒",0,31,1371.28,3090.87,0
"737","皖AT0621","03无排行有提醒",2,29,1497.83,3376.11,232.84
"738","粤STC809","03无排行有提醒",30,1,19.89,44.83,1344.96
"739","渝D865V3","03无排行有提醒",31,0,0,0,309.38
"740","皖AT0579","03无排行有提醒",31,0,0,0,2647.4
"741","皖AT0589","03无排行有提醒",31,0,0,0,2545.41
"742","皖AT0539","03无排行有提醒",31,0,0,0,3421.47
"743","皖AT0563","03无排行有提醒",2,29,819.92,1848.1,127.46
"744","皖AT0549","03无排行有提醒",31,0,0,0,3784.48
"745","粤B2X562","03无排行有提醒",31,0,0,0,207.39
"746","粤B533CJ","03无排行有提醒",31,0,0,0,153.14
"747","粤B3AU48","03无排行有提醒",31,0,0,0,115.01
"748","皖AT0633","03无排行有提醒",31,0,0,0,3432.94
"749","粤BS207S","03无排行有提醒",31,0,0,0,315.89
"750","粤B892VK","03无排行有提醒",31,0,0,0,187.24
"751","粤BY1047","03无排行有提醒",31,0,0,0,83.7
"752","皖AT0621","03无排行有提醒",0,30,1398.48,3152.17,0
"753","皖AT0591","03无排行有提醒",0,30,1693.72,3817.64,0
"754","皖AT0631","03无排行有提醒",1,29,1055.09,2378.17,82.01
"755","皖AT0596","03无排行有提醒",0,30,1229.11,2770.41,0
"756","皖AT0563","03无排行有提醒",0,30,758.99,1710.76,0
"757","皖AT0632","03无排行有提醒",0,30,1202.65,2710.77,0
"758","皖AT0549","03无排行有提醒",30,0,0,0,3662.4
"759","渝D865V3","03无排行有提醒",30,0,0,0,299.4
"760","皖AT0589","03无排行有提醒",30,0,0,0,2463.3
"761","皖AT0539","03无排行有提醒",30,0,0,0,3311.1
"762","皖AT0579","03无排行有提醒",30,0,0,0,2562
"763","皖AT0633","03无排行有提醒",30,0,0,0,3322.2
"764","粤B2X562","03无排行有提醒",30,0,0,0,200.7
"765","粤B533CJ","03无排行有提醒",30,0,0,0,148.2
"766","粤B3AU48","03无排行有提醒",30,0,0,0,111.3
"767","粤BS207S","03无排行有提醒",30,0,0,0,305.7
"768","粤B892VK","03无排行有提醒",30,0,0,0,181.2
"769","粤STC809","03无排行有提醒",30,0,0,0,1146
"770","粤BY1047","03无排行有提醒",30,0,0,0,81
"771","粤B4C0S6","04无排行无提醒",1,30,286.38,645.5,21.52
"772","粤S09158","04无排行无提醒",19,4,17.73,39.96,189.83
"773","粤B3RC91","04无排行无提醒",10,10,42.67,96.18,96.18
"774","粤PR5795","04无排行无提醒",9,9,19.49,43.93,43.93
"775","粤BP439V","04无排行无提醒",3,13,66.91,150.82,34.8
"776","粤STB959","04无排行无提醒",2,10,23.71,53.44,10.69
"777","粤B0Y92H","04无排行无提醒",0,9,63.39,142.88,0
"778","粤B0Y92H","04无排行无提醒",3,27,218.61,492.75,54.75
"779","粤B4C0S6","04无排行无提醒",20,10,47.34,106.7,213.41
"780","粤STB959","04无排行无提醒",19,10,11.91,26.85,51.01
"781","粤BP439V","04无排行无提醒",21,9,25.02,56.4,131.59
"782","粤PR5795","04无排行无提醒",6,24,63.36,142.81,35.7
"783","粤S09158","04无排行无提醒",30,0,0,0,299.7
"784","粤B3RC91","04无排行无提醒",30,0,0,0,251.1
"785","粤B83CT2","04无排行无提醒",19,1,1.82,4.1,77.94
"786","粤STB959","04无排行无提醒",13,18,95.12,214.4,154.84
"787","粤BP439V","04无排行无提醒",14,17,76.55,172.54,142.09
"788","粤B0Y92H","04无排行无提醒",7,24,155.45,350.38,102.2
"789","粤PR5795","04无排行无提醒",17,13,36.9,83.17,108.76
"790","粤B83CT2","04无排行无提醒",31,0,0,0,102.92
"791","粤B4C0S6","04无排行无提醒",31,0,0,0,583.11
"792","粤B3RC91","04无排行无提醒",31,0,0,0,259.47
"793","粤S09158","04无排行无提醒",31,0,0,0,309.69
"794","皖AT0540","04无排行无提醒",0,8,386.77,871.78,0
"795","皖AT0540","04无排行无提醒",0,30,1307.13,2946.27,0
"796","粤B0Y92H","04无排行无提醒",13,17,162.49,366.25,280.08
"797","粤PR5795","04无排行无提醒",8,22,38.71,87.25,31.73
"798","粤STB959","04无排行无提醒",16,14,31.08,70.05,80.06
"799","粤BP439V","04无排行无提醒",7,23,98.71,222.49,67.72
"800","粤B83CT2","04无排行无提醒",29,1,1.13,2.55,73.86
"801","粤B4C0S6","04无排行无提醒",30,0,0,0,564.3
"802","粤B3RC91","04无排行无提醒",30,0,0,0,251.1
"803","粤S09158","04无排行无提醒",30,0,0,0,299.7
"804","皖AT0623","04无排行无提醒",0,3,110.16,248.3,0
"805","皖AT0658","04无排行无提醒",0,3,91.38,205.97,0
"806","皖AT0560","04无排行无提醒",0,3,167.59,377.75,0
"807","皖AT0565","04无排行无提醒",0,3,124.88,281.48,0
"808","皖AT0666","04无排行无提醒",0,3,93.85,211.54,0
"809","皖AT0608","04无排行无提醒",0,2,56.25,126.79,0
"810","皖AT0661","04无排行无提醒",0,3,91.51,206.26,0
"811","皖AT0616","04无排行无提醒",0,3,86.75,195.53,0
"812","皖AT0556","04无排行无提醒",0,1,5.29,11.92,0
"813","皖AT0560","04无排行无提醒",0,31,2094.86,4721.81,0
"814","皖AT0540","04无排行无提醒",0,31,1599.57,3605.43,0
"815","皖AT0623","04无排行无提醒",0,31,1294.41,2917.6,0
"816","皖AT0658","04无排行无提醒",0,31,1638.67,3693.56,0
"817","皖AT0666","04无排行无提醒",0,31,1253.32,2824.98,0
"818","皖AT0565","04无排行无提醒",0,31,1512.63,3409.47,0
"819","皖AT0661","04无排行无提醒",0,31,1144.37,2579.41,0
"820","粤BP439V","04无排行无提醒",7,24,100.44,226.39,66.03
"821","粤STB959","04无排行无提醒",11,19,41.78,94.17,54.52
"822","粤B0Y92H","04无排行无提醒",21,10,97.75,220.33,462.69
"823","皖AT0616","04无排行无提醒",22,9,250.96,565.66,1382.73
"824","粤PR5795","04无排行无提醒",18,11,18.11,40.82,66.8
"825","皖AT0608","04无排行无提醒",3,28,1241.15,2797.55,299.74
"826","皖AT0556","04无排行无提醒",0,0,0,0,0
"827","粤S09158","04无排行无提醒",31,0,0,0,309.69
"828","粤B3RC91","04无排行无提醒",31,0,0,0,259.47
"829","粤B83CT2","04无排行无提醒",31,0,0,0,102.92
"830","粤B4C0S6","04无排行无提醒",31,0,0,0,583.11
"831","皖AT0658","04无排行无提醒",7,24,1010.84,2278.43,664.54
"832","皖AT0608","04无排行无提醒",4,27,1360.06,3065.58,454.16
"833","皖AT0540","04无排行无提醒",7,24,1251.68,2821.29,822.88
"834","皖AT0623","04无排行无提醒",1,30,1100.48,2480.48,82.68
"835","皖AT0560","04无排行无提醒",7,24,1555.03,3505.04,1022.3
"836","皖AT0661","04无排行无提醒",3,28,991,2233.71,239.33
"837","皖AT0565","04无排行无提醒",6,25,1177.01,2652.98,636.72
"838","皖AT0666","04无排行无提醒",3,28,873.83,1969.61,211.03
"839","粤STB959","04无排行无提醒",8,23,143.08,322.5,112.17
"840","皖AT0616","04无排行无提醒",31,0,0,0,1972.22
"841","皖AT0556","04无排行无提醒",0,0,0,0,0
"842","粤B3RC91","04无排行无提醒",31,0,0,0,259.47
"843","粤B4C0S6","04无排行无提醒",31,0,0,0,583.11
"844","粤S09158","04无排行无提醒",31,0,0,0,309.69
"845","粤B83CT2","04无排行无提醒",31,0,0,0,102.92
"846","粤B0Y92H","04无排行无提醒",9,22,285.83,644.26,263.56
"847","粤BP439V","04无排行无提醒",7,24,134.77,303.77,88.6
"848","粤PR5795","04无排行无提醒",29,2,0.27,0.61,8.82
"849","皖AT0661","04无排行无提醒",1,28,507.13,1143.07,40.82
"850","皖AT0623","04无排行无提醒",9,20,445.5,1004.16,451.87
"851","粤STB959","04无排行无提醒",16,13,97.44,219.63,270.31
"852","皖AT0658","04无排行无提醒",3,26,703.72,1586.18,183.02
"853","皖AT0560","04无排行无提醒",29,0,0,0,4365.66
"854","皖AT0608","04无排行无提醒",14,15,249.47,562.31,524.82
"855","皖AT0556","04无排行无提醒",0,0,0,0,0
"856","皖AT0565","04无排行无提醒",25,4,29.87,67.33,420.79
"857","皖AT0666","04无排行无提醒",24,5,15.74,35.48,170.29
"858","皖AT0616","04无排行无提醒",29,0,0,0,1844.98
"859","粤B3RC91","04无排行无提醒",29,0,0,0,242.73
"860","粤B4C0S6","04无排行无提醒",29,0,0,0,545.49
"861","皖AT0540","04无排行无提醒",27,2,3.09,6.96,94.03
"862","粤S09158","04无排行无提醒",29,0,0,0,289.71
"863","粤B83CT2","04无排行无提醒",29,0,0,0,96.28
"864","粤B0Y92H","04无排行无提醒",29,0,0,0,591.6
"865","粤BP439V","04无排行无提醒",16,13,69.91,157.58,193.94
"866","粤PR5795","04无排行无提醒",28,1,0.02,0.05,1.26
"867","皖AT0623","04无排行无提醒",0,31,1045.76,2357.14,0
"868","皖AT0608","04无排行无提醒",0,31,943.73,2127.17,0
"869","皖AT0658","04无排行无提醒",2,29,858.89,1935.94,133.51
"870","皖AT0661","04无排行无提醒",6,25,625.63,1410.17,338.44
"871","皖AT0565","04无排行无提醒",7,24,463.66,1045.09,304.82
"872","粤BP439V","04无排行无提醒",8,23,133.12,300.05,104.37
"873","皖AT0540","04无排行无提醒",0,31,675.52,1522.62,0
"874","皖AT0616","04无排行无提醒",31,0,0,0,1972.22
"875","皖AT0666","04无排行无提醒",1,30,758.43,1709.5,56.98
"876","皖AT0556","04无排行无提醒",0,0,0,0,0
"877","皖AT0560","04无排行无提醒",31,0,0,0,4666.74
"878","粤B3RC91","04无排行无提醒",31,0,0,0,259.47
"879","粤B4C0S6","04无排行无提醒",31,0,0,0,583.11
"880","粤STB959","04无排行无提醒",31,0,0,0,283.96
"881","粤S09158","04无排行无提醒",31,0,0,0,309.69
"882","粤B83CT2","04无排行无提醒",31,0,0,0,102.92
"883","粤B0Y92H","04无排行无提醒",31,0,0,0,632.4
"884","粤PR5795","04无排行无提醒",22,9,23.06,51.98,127.06
"885","皖AT0623","04无排行无提醒",0,30,1057.39,2383.36,0
"886","皖AT0608","04无排行无提醒",1,29,1017.4,2293.22,79.08
"887","皖AT0658","04无排行无提醒",3,27,649.65,1464.31,162.7
"888","皖AT0666","04无排行无提醒",0,30,1057.95,2384.62,0
"889","皖AT0540","04无排行无提醒",0,30,1326.65,2990.27,0
"890","皖AT0565","04无排行无提醒",0,30,1233.87,2781.14,0
"891","粤BP439V","04无排行无提醒",10,20,136.04,306.63,153.32
"892","粤STB959","04无排行无提醒",30,0,0,0,274.8
"893","粤B4C0S6","04无排行无提醒",30,0,0,0,564.3
"894","皖AT0616","04无排行无提醒",30,0,0,0,1908.6
"895","粤PR5795","04无排行无提醒",1,29,79.4,178.97,6.17
"896","皖AT0556","04无排行无提醒",0,0,0,0,0
"897","粤S09158","04无排行无提醒",30,0,0,0,299.7
"898","粤B83CT2","04无排行无提醒",30,0,0,0,99.6
"899","皖AT0560","04无排行无提醒",30,0,0,0,4516.2
"900","皖AT0661","04无排行无提醒",30,0,0,0,1977.6
"901","粤B0Y92H","04无排行无提醒",30,0,0,0,612
"902","粤B3RC91","04无排行无提醒",30,0,0,0,251.1
"903","皖AT0565","04无排行无提醒",3,28,1247.83,2812.61,301.35
"904","皖AT0540","04无排行无提醒",0,31,1304.1,2939.44,0
"905","皖AT0658","04无排行无提醒",1,30,829.65,1870.03,62.33
"906","皖AT0623","04无排行无提醒",0,31,1193.63,2690.44,0
"907","皖AT0666","04无排行无提醒",15,16,645.71,1455.43,1364.47
"908","皖AT0608","04无排行无提醒",1,30,1016,2290.06,76.34
"909","粤BP439V","04无排行无提醒",4,27,155.72,350.99,52
"910","粤PR5795","04无排行无提醒",3,28,56.39,127.1,13.62
"911","皖AT0616","04无排行无提醒",31,0,0,0,1972.22
"912","皖AT0556","04无排行无提醒",0,0,0,0,0
"913","粤B4C0S6","04无排行无提醒",31,0,0,0,583.11
"914","粤STB959","04无排行无提醒",31,0,0,0,283.96
"915","粤B83CT2","04无排行无提醒",31,0,0,0,102.92
"916","粤B0Y92H","04无排行无提醒",31,0,0,0,632.4
"917","粤S09158","04无排行无提醒",31,0,0,0,309.69
"918","皖AT0661","04无排行无提醒",31,0,0,0,2043.52
"919","粤B3RC91","04无排行无提醒",31,0,0,0,259.47
"920","皖AT0560","04无排行无提醒",31,0,0,0,4666.74
"921","皖AT0540","04无排行无提醒",1,29,1279.35,2883.65,99.44
"922","皖AT0565","04无排行无提醒",0,30,1598.94,3604.01,0
"923","皖AT0608","04无排行无提醒",0,30,1677.92,3782.03,0
"924","皖AT0623","04无排行无提醒",0,30,1235.26,2784.28,0
"925","皖AT0658","04无排行无提醒",0,30,934.4,2106.14,0
"926","粤BP439V","04无排行无提醒",7,23,91.79,206.89,62.97
"927","粤S09158","04无排行无提醒",30,0,0,0,299.7
"928","皖AT0616","04无排行无提醒",30,0,0,0,1908.6
"929","皖AT0666","04无排行无提醒",30,0,0,0,2236.2
"930","粤B3RC91","04无排行无提醒",30,0,0,0,251.1
"931","皖AT0556","04无排行无提醒",0,0,0,0,0
"932","粤B83CT2","04无排行无提醒",30,0,0,0,99.6
"933","皖AT0560","04无排行无提醒",30,0,0,0,4516.2
"934","粤PR5795","04无排行无提醒",6,24,41.47,93.47,23.37
"935","皖AT0661","04无排行无提醒",30,0,0,0,1977.6
"936","粤STB959","04无排行无提醒",30,0,0,0,274.8
"937","粤B4C0S6","04无排行无提醒",30,0,0,0,564.3
"938","粤B0Y92H","04无排行无提醒",30,0,0,0,612
"939","皖AT0608","04无排行无提醒",0,15,821.57,1851.82,0
"940","皖AT0623","04无排行无提醒",0,15,588.27,1325.96,0
"941","皖AT0540","04无排行无提醒",0,15,742.96,1674.63,0
"942","皖AT0658","04无排行无提醒",0,15,440.38,992.62,0
"943","皖AT0565","04无排行无提醒",0,15,982.88,2215.41,0
"944","粤BP439V","04无排行无提醒",1,14,69.5,156.65,11.19
"945","皖AT0661","04无排行无提醒",15,0,0,0,988.8
"946","皖AT0556","04无排行无提醒",0,0,0,0,0
"947","皖AT0666","04无排行无提醒",15,0,0,0,1118.1
"948","皖AT0616","04无排行无提醒",15,0,0,0,954.3
"949","皖AT0560","04无排行无提醒",15,0,0,0,2258.1
"950","粤B3RC91","04无排行无提醒",15,0,0,0,125.55
"951","粤B4C0S6","04无排行无提醒",15,0,0,0,282.15
"952","粤STB959","04无排行无提醒",15,0,0,0,137.4
"953","粤S09158","04无排行无提醒",15,0,0,0,149.85
"954","粤B83CT2","04无排行无提醒",15,0,0,0,49.8
"955","粤B0Y92H","04无排行无提醒",15,0,0,0,306
"956","粤PR5795","04无排行无提醒",3,12,22.55,50.83,12.71
"957","皖AT0623","04无排行无提醒",0,31,1354.78,3053.67,0
"958","皖AT0540","04无排行无提醒",0,31,1705.81,3844.9,0
"959","皖AT0608","04无排行无提醒",0,31,1289.09,2905.61,0
"960","皖AT0565","04无排行无提醒",0,31,1770.01,3989.6,0
"961","皖AT0658","04无排行无提醒",0,31,1165.16,2626.27,0
"962","皖AT0616","04无排行无提醒",31,0,0,0,1972.22
"963","皖AT0661","04无排行无提醒",31,0,0,0,2043.52
"964","皖AT0666","04无排行无提醒",31,0,0,0,2310.74
"965","皖AT0556","04无排行无提醒",0,0,0,0,0
"966","皖AT0560","04无排行无提醒",31,0,0,0,4666.74
"967","粤B3RC91","04无排行无提醒",31,0,0,0,259.47
"968","粤B4C0S6","04无排行无提醒",31,0,0,0,583.11
"969","粤STB959","04无排行无提醒",31,0,0,0,283.96
"970","粤S09158","04无排行无提醒",31,0,0,0,309.69
"971","粤B83CT2","04无排行无提醒",31,0,0,0,102.92
"972","粤B0Y92H","04无排行无提醒",31,0,0,0,632.4
"973","粤BP439V","04无排行无提醒",31,0,0,0,354.64
"974","粤PR5795","04无排行无提醒",31,0,0,0,152.52
"975","皖AT0565","04无排行无提醒",0,30,1755.32,3956.49,0
"976","皖AT0540","04无排行无提醒",0,30,1619.02,3649.27,0
"977","皖AT0623","04无排行无提醒",0,30,1227.74,2767.33,0
"978","皖AT0658","04无排行无提醒",1,29,941.15,2121.35,73.15
"979","皖AT0608","04无排行无提醒",0,30,1121.76,2528.45,0
"980","皖AT0560","04无排行无提醒",30,0,0,0,4516.2
"981","皖AT0616","04无排行无提醒",30,0,0,0,1908.6
"982","皖AT0666","04无排行无提醒",30,0,0,0,2236.2
"983","皖AT0556","04无排行无提醒",0,0,0,0,0
"984","皖AT0661","04无排行无提醒",30,0,0,0,1977.6
"985","粤B3RC91","04无排行无提醒",30,0,0,0,251.1
"986","粤B4C0S6","04无排行无提醒",30,0,0,0,564.3
"987","粤STB959","04无排行无提醒",30,0,0,0,274.8
"988","粤S09158","04无排行无提醒",30,0,0,0,299.7
"989","粤B83CT2","04无排行无提醒",30,0,0,0,99.6
"990","粤B0Y92H","04无排行无提醒",30,0,0,0,612
"991","粤BP439V","04无排行无提醒",30,0,0,0,343.2
"992","粤PR5795","04无排行无提醒",30,0,0,0,147.6
