user_id,car_plate,dates,department
51483,粤BT2220,2020/11/17 11:28,01有排行有提醒
51483,粤BT2220,2020/10/27 11:48,01有排行有提醒
51483,粤BT2220,2020/8/7 10:49,01有排行有提醒
51483,粤BT2220,2020/8/6 10:51,01有排行有提醒
51483,粤BT2220,2020/7/20 13:44,01有排行有提醒
51483,粤BT2220,2020/7/17 11:36,01有排行有提醒
51483,粤BT2220,2020/7/15 10:56,01有排行有提醒
51483,粤BT2220,2020/6/7 12:16,01有排行有提醒
51483,粤BT2220,2020/5/23 12:17,01有排行有提醒
51483,粤BT2220,2020/5/13 8:06,01有排行有提醒
51483,粤BT2220,2020/5/12 15:59,01有排行有提醒
51483,粤BT2220,2020/5/7 11:48,01有排行有提醒
51483,粤BT2220,2020/5/6 17:27,01有排行有提醒
51483,粤BT2220,2020/4/14 14:38,01有排行有提醒
51483,粤BT2220,2020/3/24 9:09,01有排行有提醒
51483,粤BT2220,2020/3/12 7:58,01有排行有提醒
51483,粤BT2220,2020/3/11 7:54,01有排行有提醒
51483,粤BT2220,2020/3/10 9:18,01有排行有提醒
52889,皖AT0619,2020/3/3 11:50,01有排行有提醒
52889,皖AT0619,2020/3/1 17:27,01有排行有提醒
52884,皖AT0665,2020/2/29 9:50,01有排行有提醒
52889,皖AT0619,2020/2/23 14:35,01有排行有提醒
52889,皖AT0619,2020/2/22 15:48,01有排行有提醒
51483,粤BT2220,2020/2/16 5:55,01有排行有提醒
52889,皖AT0619,2020/1/13 23:17,01有排行有提醒
52889,皖AT0619,2020/1/12 17:55,01有排行有提醒
52858,皖AT0553,2020/1/8 15:10,01有排行有提醒
52858,皖AT0553,2020/1/6 12:48,01有排行有提醒
52876,皖AT0650,2020/1/5 11:36,01有排行有提醒
52884,皖AT0665,2020/1/4 18:34,01有排行有提醒
52861,皖AT0599,2020/1/4 15:45,01有排行有提醒
52861,皖AT0599,2020/1/3 6:07,01有排行有提醒
52861,皖AT0599,2019/12/31 8:15,01有排行有提醒
52861,皖AT0599,2019/12/29 7:44,01有排行有提醒
52861,皖AT0599,2019/12/28 8:36,01有排行有提醒
52858,皖AT0553,2019/12/27 20:27,01有排行有提醒
52861,皖AT0599,2019/12/27 7:54,01有排行有提醒
52893,皖AT0642,2019/12/26 13:05,01有排行有提醒
52861,皖AT0599,2019/12/26 6:30,01有排行有提醒
52861,皖AT0599,2019/12/25 8:01,01有排行有提醒
52861,皖AT0599,2019/12/24 7:44,01有排行有提醒
52897,皖AT0609,2019/12/23 16:20,01有排行有提醒
51483,粤BT2220,2019/12/23 14:18,01有排行有提醒
52861,皖AT0599,2019/12/23 7:03,01有排行有提醒
52880,皖AT0547,2019/12/23 4:48,01有排行有提醒
52889,皖AT0619,2019/12/22 18:40,01有排行有提醒
52897,皖AT0609,2019/12/22 17:06,01有排行有提醒
51483,粤BT2220,2019/12/22 12:15,01有排行有提醒
52889,皖AT0619,2019/12/21 17:19,01有排行有提醒
52861,皖AT0599,2019/12/21 7:21,01有排行有提醒
52861,皖AT0599,2019/12/18 7:46,01有排行有提醒
52861,皖AT0599,2019/12/17 7:05,01有排行有提醒
52876,皖AT0650,2019/12/17 1:15,01有排行有提醒
52861,皖AT0599,2019/12/16 6:58,01有排行有提醒
52861,皖AT0599,2019/12/15 6:23,01有排行有提醒
52889,皖AT0619,2019/12/15 1:59,01有排行有提醒
52868,皖AT0568,2019/12/14 11:25,01有排行有提醒
52861,皖AT0599,2019/12/14 7:44,01有排行有提醒
52861,皖AT0599,2019/12/13 8:09,01有排行有提醒
52889,皖AT0619,2019/12/12 18:00,01有排行有提醒
52884,皖AT0665,2019/12/12 6:55,01有排行有提醒
52861,皖AT0599,2019/12/12 6:54,01有排行有提醒
52861,皖AT0599,2019/12/11 6:49,01有排行有提醒
52880,皖AT0547,2019/12/11 4:35,01有排行有提醒
52868,皖AT0568,2019/12/10 16:59,01有排行有提醒
52889,皖AT0619,2019/12/10 16:31,01有排行有提醒
52884,皖AT0665,2019/12/10 7:03,01有排行有提醒
52876,皖AT0650,2019/12/9 16:06,01有排行有提醒
52889,皖AT0619,2019/12/9 13:11,01有排行有提醒
52893,皖AT0642,2019/12/9 12:43,01有排行有提醒
52861,皖AT0599,2019/12/9 10:28,01有排行有提醒
52884,皖AT0665,2019/12/9 6:59,01有排行有提醒
52880,皖AT0547,2019/12/8 15:59,01有排行有提醒
52868,皖AT0568,2019/12/8 15:38,01有排行有提醒
52884,皖AT0665,2019/12/8 13:37,01有排行有提醒
52861,皖AT0599,2019/12/8 7:55,01有排行有提醒
52889,皖AT0619,2019/12/7 20:40,01有排行有提醒
52861,皖AT0599,2019/12/7 18:05,01有排行有提醒
52884,皖AT0665,2019/12/7 9:35,01有排行有提醒
52897,皖AT0609,2019/12/6 17:20,01有排行有提醒
52884,皖AT0665,2019/12/6 8:25,01有排行有提醒
52889,皖AT0619,2019/12/6 7:04,01有排行有提醒
52861,皖AT0599,2019/12/6 6:31,01有排行有提醒
52876,皖AT0650,2019/12/6 5:07,01有排行有提醒
52889,皖AT0619,2019/12/5 8:08,01有排行有提醒
52861,皖AT0599,2019/12/5 7:07,01有排行有提醒
52880,皖AT0547,2019/12/5 4:34,01有排行有提醒
52876,皖AT0650,2019/12/5 4:05,01有排行有提醒
52861,皖AT0599,2019/12/4 18:16,01有排行有提醒
52872,皖AT0600,2019/12/4 17:57,01有排行有提醒
52897,皖AT0609,2019/12/4 17:06,01有排行有提醒
52876,皖AT0650,2019/12/4 15:54,01有排行有提醒
52868,皖AT0568,2019/12/4 15:47,01有排行有提醒
52889,皖AT0619,2019/12/4 15:38,01有排行有提醒
52880,皖AT0547,2019/12/4 14:57,01有排行有提醒
52884,皖AT0665,2019/12/4 14:44,01有排行有提醒
51483,粤BT2220,2019/12/4 13:54,01有排行有提醒
52858,皖AT0553,2019/12/4 13:42,01有排行有提醒
51483,粤BT2220,2019/12/3 16:39,01有排行有提醒
51483,粤BT2220,2019/12/2 16:00,01有排行有提醒
51483,粤BT2220,2019/11/26 11:25,01有排行有提醒
51483,粤BT2220,2019/11/11 9:52,01有排行有提醒
51483,粤BT2220,2019/11/7 9:34,01有排行有提醒
51483,粤BT2220,2019/11/5 17:42,01有排行有提醒
51483,粤BT2220,2019/11/4 17:40,01有排行有提醒
52850,皖AT0626,2019/10/24 17:09,01有排行有提醒
51483,粤BT2220,2019/9/26 9:40,01有排行有提醒
51483,粤BT2220,2019/9/25 18:18,01有排行有提醒
51483,粤BT2220,2019/9/16 9:17,01有排行有提醒
52824,粤BH218W,2019/9/13 0:29,01有排行有提醒
51483,粤BT2220,2019/8/29 7:35,01有排行有提醒
51483,粤BT2220,2019/8/28 14:21,01有排行有提醒
52828,粤B048RX,2019/8/23 21:45,01有排行有提醒
52828,粤B048RX,2019/8/22 23:20,01有排行有提醒
52828,粤B048RX,2019/8/21 20:17,01有排行有提醒
51483,粤BT2220,2019/8/21 13:36,01有排行有提醒
52828,粤B048RX,2019/8/20 18:42,01有排行有提醒
51483,粤BT2220,2019/8/19 9:57,01有排行有提醒
52828,粤B048RX,2019/8/18 12:25,01有排行有提醒
52833,粤B2K335,2019/8/16 10:57,01有排行有提醒
52828,粤B048RX,2019/8/16 1:31,01有排行有提醒
52829,粤B3R80W,2019/8/15 15:10,01有排行有提醒
51483,粤BT2220,2019/8/14 17:24,01有排行有提醒
52833,粤B2K335,2019/8/14 15:56,01有排行有提醒
52828,粤B048RX,2019/8/14 15:06,01有排行有提醒
52829,粤B3R80W,2019/8/14 9:29,01有排行有提醒
52829,粤B3R80W,2019/8/13 16:41,01有排行有提醒
52828,粤B048RX,2019/8/13 11:48,01有排行有提醒
52828,粤B048RX,2019/8/12 18:02,01有排行有提醒
52816,粤LBY602,2019/8/12 11:40,01有排行有提醒
52824,粤BH218W,2019/8/10 12:00,01有排行有提醒
52820,粤S45B27,2019/8/8 21:12,01有排行有提醒
51483,粤BT2220,2019/8/1 9:40,01有排行有提醒
51483,粤BT2220,2019/7/25 14:37,01有排行有提醒
51483,粤BT2220,2019/7/1 16:19,01有排行有提醒
51483,粤BT2220,2019/6/20 10:08,01有排行有提醒
51483,粤BT2220,2019/5/5 10:01,01有排行有提醒
51483,粤BT2220,2019/4/2 15:44,01有排行有提醒
51483,粤BT2220,2019/3/11 0:17,01有排行有提醒
51483,粤BT2220,2019/2/27 11:10,01有排行有提醒
51483,粤BT2220,2019/2/22 9:11,01有排行有提醒
51483,粤BT2220,2019/2/19 13:54,01有排行有提醒
51483,粤BT2220,2019/2/18 10:24,01有排行有提醒
51483,粤BT2220,2019/1/29 9:36,01有排行有提醒
51483,粤BT2220,2019/1/28 15:45,01有排行有提醒
51483,粤BT2220,2019/1/25 9:49,01有排行有提醒
51483,粤BT2220,2019/1/24 10:05,01有排行有提醒
51483,粤BT2220,2019/1/23 8:42,01有排行有提醒
51483,粤BT2220,2019/1/22 9:20,01有排行有提醒
51483,粤BT2220,2019/1/11 17:52,01有排行有提醒
51483,粤BT2220,2019/1/10 9:16,01有排行有提醒
51483,粤BT2220,2019/1/9 9:10,01有排行有提醒
51483,粤BT2220,2019/1/8 14:07,01有排行有提醒
51483,粤BT2220,2019/1/7 0:18,01有排行有提醒
51483,粤BT2220,2019/1/3 14:39,01有排行有提醒
51483,粤BT2220,2019/1/2 7:28,01有排行有提醒
51483,粤BT2220,2018/12/29 14:45,01有排行有提醒
51483,粤BT2220,2018/12/28 10:19,01有排行有提醒
51483,粤BT2220,2018/12/26 10:36,01有排行有提醒
51483,粤BT2220,2018/12/25 9:36,01有排行有提醒
51483,粤BT2220,2018/12/24 11:39,01有排行有提醒
51483,粤BT2220,2018/12/21 9:06,01有排行有提醒
51483,粤BT2220,2018/12/20 17:15,01有排行有提醒
51483,粤BT2220,2018/12/18 9:33,01有排行有提醒
51483,粤BT2220,2018/12/17 17:20,01有排行有提醒
51483,粤BT2220,2018/12/13 14:48,01有排行有提醒
51483,粤BT2220,2018/12/12 10:36,01有排行有提醒
51483,粤BT2220,2018/12/11 11:24,01有排行有提醒
51483,粤BT2220,2018/12/10 16:46,01有排行有提醒
51483,粤BT2220,2018/12/7 9:59,01有排行有提醒
51483,粤BT2220,2018/12/6 9:51,01有排行有提醒
51483,粤BT2220,2018/12/5 14:54,01有排行有提醒
51483,粤BT2220,2018/12/4 16:11,01有排行有提醒
51483,粤BT2220,2018/11/27 14:51,01有排行有提醒
51483,粤BT2220,2018/11/15 14:50,01有排行有提醒
51483,粤BT2220,2018/11/13 19:06,01有排行有提醒
51483,粤BT2220,2018/11/12 10:07,01有排行有提醒
51483,粤BT2220,2018/11/7 16:10,01有排行有提醒
51483,粤BT2220,2018/10/31 14:13,01有排行有提醒
51483,粤BT2220,2018/10/25 16:08,01有排行有提醒
51483,粤BT2220,2018/10/22 11:36,01有排行有提醒
51483,粤BT2220,2018/10/18 14:53,01有排行有提醒
51483,粤BT2220,2018/10/17 15:20,01有排行有提醒
51483,粤BT2220,2018/9/26 16:25,01有排行有提醒
51483,粤BT2220,2018/6/19 15:32,01有排行有提醒
51483,粤BT2220,2018/1/14 14:10,01有排行有提醒
51483,粤BT2220,2016/10/25 17:12,01有排行有提醒
51291,粤B5P05E,2020/11/18 14:24,02有排行无提醒
51291,粤B5P05E,2020/7/30 16:02,02有排行无提醒
51291,粤B5P05E,2020/7/29 14:42,02有排行无提醒
51291,粤B5P05E,2020/7/27 13:35,02有排行无提醒
51291,粤B5P05E,2020/7/24 11:15,02有排行无提醒
51291,粤B5P05E,2020/7/20 16:26,02有排行无提醒
52869,皖AT0620,2020/5/19 8:26,02有排行无提醒
51291,粤B5P05E,2020/4/13 11:42,02有排行无提醒
51486,皖AYY059,2020/3/24 11:07,02有排行无提醒
52869,皖AT0620,2020/1/22 8:01,02有排行无提醒
52869,皖AT0620,2020/1/17 10:05,02有排行无提醒
52869,皖AT0620,2020/1/14 18:26,02有排行无提醒
52869,皖AT0620,2020/1/13 18:18,02有排行无提醒
52869,皖AT0620,2020/1/12 8:55,02有排行无提醒
52869,皖AT0620,2020/1/10 10:41,02有排行无提醒
52869,皖AT0620,2020/1/9 12:31,02有排行无提醒
52869,皖AT0620,2020/1/8 20:39,02有排行无提醒
52869,皖AT0620,2020/1/6 21:10,02有排行无提醒
52869,皖AT0620,2020/1/5 10:48,02有排行无提醒
52869,皖AT0620,2020/1/4 17:47,02有排行无提醒
52869,皖AT0620,2020/1/3 9:12,02有排行无提醒
52869,皖AT0620,2020/1/2 10:14,02有排行无提醒
52869,皖AT0620,2019/12/30 10:36,02有排行无提醒
52869,皖AT0620,2019/12/29 17:27,02有排行无提醒
52869,皖AT0620,2019/12/28 19:37,02有排行无提醒
52869,皖AT0620,2019/12/27 18:26,02有排行无提醒
52869,皖AT0620,2019/12/26 9:35,02有排行无提醒
52869,皖AT0620,2019/12/25 6:29,02有排行无提醒
52869,皖AT0620,2019/12/24 16:09,02有排行无提醒
52869,皖AT0620,2019/12/23 9:13,02有排行无提醒
52869,皖AT0620,2019/12/22 11:20,02有排行无提醒
52869,皖AT0620,2019/12/21 11:10,02有排行无提醒
52869,皖AT0620,2019/12/20 18:23,02有排行无提醒
52869,皖AT0620,2019/12/19 8:50,02有排行无提醒
52869,皖AT0620,2019/12/18 9:03,02有排行无提醒
52869,皖AT0620,2019/12/16 20:56,02有排行无提醒
52873,皖AT0601,2019/12/15 22:43,02有排行无提醒
52869,皖AT0620,2019/12/15 1:15,02有排行无提醒
52869,皖AT0620,2019/12/13 22:56,02有排行无提醒
52869,皖AT0620,2019/12/12 10:26,02有排行无提醒
52869,皖AT0620,2019/12/11 10:54,02有排行无提醒
52869,皖AT0620,2019/12/10 8:50,02有排行无提醒
52859,皖AT0576,2019/12/9 12:00,02有排行无提醒
52869,皖AT0620,2019/12/9 11:05,02有排行无提醒
52869,皖AT0620,2019/12/8 15:42,02有排行无提醒
52873,皖AT0601,2019/12/5 14:05,02有排行无提醒
52869,皖AT0620,2019/12/5 11:52,02有排行无提醒
52873,皖AT0601,2019/12/4 22:42,02有排行无提醒
52869,皖AT0620,2019/12/4 15:28,02有排行无提醒
52859,皖AT0576,2019/12/4 13:36,02有排行无提醒
51291,粤B5P05E,2019/12/2 16:29,02有排行无提醒
52844,粤BL05M1,2019/11/25 14:42,02有排行无提醒
51291,粤B5P05E,2019/11/11 11:11,02有排行无提醒
51291,粤B5P05E,2019/11/7 14:17,02有排行无提醒
51486,皖AYY059,2019/10/26 15:21,02有排行无提醒
51486,皖AYY059,2019/10/25 23:20,02有排行无提醒
51486,皖AYY059,2019/10/24 9:47,02有排行无提醒
52814,闽C88DN2,2019/10/3 21:32,02有排行无提醒
52814,闽C88DN2,2019/10/2 11:38,02有排行无提醒
51291,粤B5P05E,2019/9/17 9:52,02有排行无提醒
51291,粤B5P05E,2019/9/16 14:37,02有排行无提醒
52840,粤B7U0H5,2019/8/24 12:12,02有排行无提醒
51291,粤B5P05E,2019/8/23 17:02,02有排行无提醒
51291,粤B5P05E,2019/8/22 9:44,02有排行无提醒
52840,粤B7U0H5,2019/8/21 17:29,02有排行无提醒
51291,粤B5P05E,2019/8/19 15:35,02有排行无提醒
52814,闽C88DN2,2019/8/16 6:59,02有排行无提醒
52814,闽C88DN2,2019/8/11 7:45,02有排行无提醒
52814,闽C88DN2,2019/8/10 20:33,02有排行无提醒
52814,闽C88DN2,2019/8/9 6:59,02有排行无提醒
52814,闽C88DN2,2019/8/8 20:24,02有排行无提醒
52814,闽C88DN2,2019/8/6 6:55,02有排行无提醒
52818,粤JCL629,2019/8/5 16:47,02有排行无提醒
52814,闽C88DN2,2019/8/5 11:34,02有排行无提醒
52814,闽C88DN2,2019/8/4 7:47,02有排行无提醒
52814,闽C88DN2,2019/8/3 7:41,02有排行无提醒
52814,闽C88DN2,2019/8/2 12:05,02有排行无提醒
52814,闽C88DN2,2019/7/31 6:53,02有排行无提醒
52814,闽C88DN2,2019/7/30 6:52,02有排行无提醒
52814,闽C88DN2,2019/7/29 19:11,02有排行无提醒
52811,粤B3Q03K,2019/7/27 13:02,02有排行无提醒
51291,粤B5P05E,2019/7/17 11:53,02有排行无提醒
51291,粤B5P05E,2019/4/10 9:34,02有排行无提醒
51291,粤B5P05E,2019/4/1 10:37,02有排行无提醒
51291,粤B5P05E,2019/3/21 17:20,02有排行无提醒
51291,粤B5P05E,2019/3/19 9:58,02有排行无提醒
51291,粤B5P05E,2019/3/12 14:48,02有排行无提醒
51291,粤B5P05E,2019/3/11 15:08,02有排行无提醒
51291,粤B5P05E,2019/3/8 9:41,02有排行无提醒
51291,粤B5P05E,2019/3/7 15:40,02有排行无提醒
51291,粤B5P05E,2019/2/19 14:06,02有排行无提醒
51291,粤B5P05E,2019/1/25 11:53,02有排行无提醒
51291,粤B5P05E,2019/1/24 10:22,02有排行无提醒
51291,粤B5P05E,2019/1/23 13:59,02有排行无提醒
51291,粤B5P05E,2019/1/18 11:58,02有排行无提醒
51291,粤B5P05E,2019/1/16 11:23,02有排行无提醒
51291,粤B5P05E,2019/1/15 15:59,02有排行无提醒
51291,粤B5P05E,2019/1/14 9:01,02有排行无提醒
51291,粤B5P05E,2019/1/8 10:53,02有排行无提醒
51291,粤B5P05E,2019/1/4 9:29,02有排行无提醒
51291,粤B5P05E,2019/1/3 11:52,02有排行无提醒
51291,粤B5P05E,2018/12/28 9:12,02有排行无提醒
51291,粤B5P05E,2018/12/26 9:19,02有排行无提醒
51291,粤B5P05E,2018/12/25 9:34,02有排行无提醒
51291,粤B5P05E,2018/12/24 11:44,02有排行无提醒
51291,粤B5P05E,2018/12/21 16:28,02有排行无提醒
51291,粤B5P05E,2018/12/20 10:32,02有排行无提醒
51291,粤B5P05E,2018/12/19 11:06,02有排行无提醒
51291,粤B5P05E,2018/12/18 8:46,02有排行无提醒
51291,粤B5P05E,2018/12/17 16:05,02有排行无提醒
51291,粤B5P05E,2018/12/14 9:57,02有排行无提醒
51291,粤B5P05E,2017/1/24 17:59,02有排行无提醒
51291,粤B5P05E,2016/11/24 22:18,02有排行无提醒
51291,粤B5P05E,2016/9/27 22:39,02有排行无提醒
51291,粤B5P05E,2016/8/31 13:20,02有排行无提醒
51291,粤B5P05E,2016/8/6 9:07,02有排行无提醒
51291,粤B5P05E,2016/7/22 17:06,02有排行无提醒
51291,粤B5P05E,2016/7/21 17:41,02有排行无提醒
51291,粤B5P05E,2016/7/20 7:39,02有排行无提醒
51291,粤B5P05E,2016/7/18 8:54,02有排行无提醒
51291,粤B5P05E,2016/7/11 7:19,02有排行无提醒
51291,粤B5P05E,2016/7/2 0:05,02有排行无提醒
51291,粤B5P05E,2016/6/29 7:40,02有排行无提醒
51291,粤B5P05E,2016/6/29 7:40,02有排行无提醒
51291,粤B5P05E,2016/6/27 15:31,02有排行无提醒
51291,粤B5P05E,2016/6/23 15:34,02有排行无提醒
51291,粤B5P05E,2016/6/22 9:53,02有排行无提醒
51291,粤B5P05E,2016/6/21 14:32,02有排行无提醒
51291,粤B5P05E,2016/6/11 6:51,02有排行无提醒
51291,粤B5P05E,2016/6/7 18:06,02有排行无提醒
51291,粤B5P05E,2016/5/31 21:51,02有排行无提醒
51291,粤B5P05E,2016/5/30 10:54,02有排行无提醒
51291,粤B5P05E,2016/5/29 7:54,02有排行无提醒
51291,粤B5P05E,2016/5/26 4:34,02有排行无提醒
51291,粤B5P05E,2016/5/25 20:36,02有排行无提醒
51291,粤B5P05E,2016/5/24 6:06,02有排行无提醒
51291,粤B5P05E,2016/5/23 10:13,02有排行无提醒
51291,粤B5P05E,2016/5/20 16:14,02有排行无提醒
51291,粤B5P05E,2016/5/19 5:29,02有排行无提醒
51291,粤B5P05E,2016/5/18 7:09,02有排行无提醒
51291,粤B5P05E,2016/5/17 2:02,02有排行无提醒
51291,粤B5P05E,2016/5/16 15:03,02有排行无提醒
51291,粤B5P05E,2016/5/16 9:01,02有排行无提醒
51291,粤B5P05E,2016/5/15 22:45,02有排行无提醒
51291,粤B5P05E,2016/5/14 6:36,02有排行无提醒
51291,粤B5P05E,2016/5/12 0:43,02有排行无提醒
51291,粤B5P05E,2016/5/11 6:54,02有排行无提醒
51291,粤B5P05E,2016/5/10 6:39,02有排行无提醒
51291,粤B5P05E,2016/5/9 7:50,02有排行无提醒
51291,粤B5P05E,2016/5/8 7:35,02有排行无提醒
51291,粤B5P05E,2016/5/7 8:51,02有排行无提醒
51291,粤B5P05E,2016/5/7 8:51,02有排行无提醒
51291,粤B5P05E,2016/5/6 8:50,02有排行无提醒
51291,粤B5P05E,2016/5/5 5:40,02有排行无提醒
51291,粤B5P05E,2016/5/4 9:39,02有排行无提醒
51291,粤B5P05E,2016/5/3 5:32,02有排行无提醒
51291,粤B5P05E,2016/5/2 6:26,02有排行无提醒
51291,粤B5P05E,2016/5/1 5:42,02有排行无提醒
51291,粤B5P05E,2016/4/30 9:20,02有排行无提醒
51291,粤B5P05E,2016/4/30 9:20,02有排行无提醒
51291,粤B5P05E,2016/4/29 8:48,02有排行无提醒
51291,粤B5P05E,2016/4/28 8:16,02有排行无提醒
51291,粤B5P05E,2016/4/27 11:52,02有排行无提醒
51291,粤B5P05E,2016/4/26 10:15,02有排行无提醒
51291,粤B5P05E,2016/4/25 0:28,02有排行无提醒
51291,粤B5P05E,2016/4/24 9:12,02有排行无提醒
51291,粤B5P05E,2016/4/23 9:30,02有排行无提醒
51291,粤B5P05E,2016/4/21 7:36,02有排行无提醒
51291,粤B5P05E,2016/4/21 7:36,02有排行无提醒
51291,粤B5P05E,2016/4/20 8:39,02有排行无提醒
51291,粤B5P05E,2016/4/19 5:53,02有排行无提醒
51291,粤B5P05E,2016/4/18 8:18,02有排行无提醒
51291,粤B5P05E,2016/4/17 8:42,02有排行无提醒
51291,粤B5P05E,2016/4/16 7:45,02有排行无提醒
51291,粤B5P05E,2016/4/15 12:06,02有排行无提醒
52888,皖AT0596,2020/10/2 6:09,03无排行有提醒
52888,皖AT0596,2020/10/1 5:32,03无排行有提醒
52888,皖AT0596,2020/9/30 5:59,03无排行有提醒
52888,皖AT0596,2020/9/29 6:07,03无排行有提醒
52888,皖AT0596,2020/9/28 5:27,03无排行有提醒
52888,皖AT0596,2020/9/27 5:40,03无排行有提醒
52888,皖AT0596,2020/9/26 5:56,03无排行有提醒
52888,皖AT0596,2020/9/25 3:28,03无排行有提醒
52888,皖AT0596,2020/9/24 5:24,03无排行有提醒
52888,皖AT0596,2020/9/23 6:17,03无排行有提醒
52888,皖AT0596,2020/9/22 4:59,03无排行有提醒
52888,皖AT0596,2020/9/21 5:02,03无排行有提醒
52888,皖AT0596,2020/9/20 6:05,03无排行有提醒
52888,皖AT0596,2020/9/19 5:51,03无排行有提醒
52888,皖AT0596,2020/9/18 3:29,03无排行有提醒
52888,皖AT0596,2020/9/17 7:18,03无排行有提醒
52888,皖AT0596,2020/9/16 6:18,03无排行有提醒
52888,皖AT0596,2020/9/15 4:16,03无排行有提醒
52888,皖AT0596,2020/9/14 6:17,03无排行有提醒
52888,皖AT0596,2020/9/13 6:45,03无排行有提醒
52888,皖AT0596,2020/9/12 5:02,03无排行有提醒
52888,皖AT0596,2020/9/11 6:20,03无排行有提醒
52888,皖AT0596,2020/9/10 5:42,03无排行有提醒
52888,皖AT0596,2020/9/9 5:54,03无排行有提醒
52888,皖AT0596,2020/9/8 6:08,03无排行有提醒
52888,皖AT0596,2020/9/7 6:08,03无排行有提醒
52888,皖AT0596,2020/9/6 5:40,03无排行有提醒
52888,皖AT0596,2020/9/5 6:00,03无排行有提醒
52888,皖AT0596,2020/9/4 6:06,03无排行有提醒
52888,皖AT0596,2020/9/3 5:55,03无排行有提醒
52888,皖AT0596,2020/9/2 5:52,03无排行有提醒
52888,皖AT0596,2020/9/1 5:55,03无排行有提醒
52888,皖AT0596,2020/8/31 5:44,03无排行有提醒
52888,皖AT0596,2020/8/30 6:17,03无排行有提醒
52888,皖AT0596,2020/8/29 5:49,03无排行有提醒
52888,皖AT0596,2020/8/28 5:39,03无排行有提醒
52888,皖AT0596,2020/8/27 5:37,03无排行有提醒
52888,皖AT0596,2020/8/26 5:34,03无排行有提醒
52888,皖AT0596,2020/8/25 5:48,03无排行有提醒
52888,皖AT0596,2020/8/24 5:02,03无排行有提醒
52888,皖AT0596,2020/8/23 5:49,03无排行有提醒
52888,皖AT0596,2020/8/22 6:06,03无排行有提醒
52888,皖AT0596,2020/8/21 7:01,03无排行有提醒
52888,皖AT0596,2020/8/20 5:23,03无排行有提醒
52888,皖AT0596,2020/8/18 5:32,03无排行有提醒
52888,皖AT0596,2020/8/17 5:35,03无排行有提醒
52888,皖AT0596,2020/8/16 5:42,03无排行有提醒
52888,皖AT0596,2020/8/15 6:07,03无排行有提醒
52888,皖AT0596,2020/8/14 5:53,03无排行有提醒
52888,皖AT0596,2020/8/13 5:31,03无排行有提醒
52888,皖AT0596,2020/8/12 5:58,03无排行有提醒
52888,皖AT0596,2020/8/11 5:42,03无排行有提醒
52888,皖AT0596,2020/8/10 5:41,03无排行有提醒
52888,皖AT0596,2020/8/9 6:06,03无排行有提醒
52888,皖AT0596,2020/8/8 5:55,03无排行有提醒
52888,皖AT0596,2020/8/7 6:24,03无排行有提醒
52888,皖AT0596,2020/8/6 5:43,03无排行有提醒
52888,皖AT0596,2020/8/5 5:40,03无排行有提醒
52888,皖AT0596,2020/8/4 5:42,03无排行有提醒
52888,皖AT0596,2020/8/3 5:59,03无排行有提醒
52888,皖AT0596,2020/8/2 5:36,03无排行有提醒
52888,皖AT0596,2020/8/1 5:40,03无排行有提醒
52888,皖AT0596,2020/7/31 5:50,03无排行有提醒
52888,皖AT0596,2020/7/30 5:54,03无排行有提醒
52888,皖AT0596,2020/7/29 5:37,03无排行有提醒
52888,皖AT0596,2020/7/28 5:32,03无排行有提醒
52888,皖AT0596,2020/7/27 2:45,03无排行有提醒
52888,皖AT0596,2020/7/26 5:45,03无排行有提醒
52888,皖AT0596,2020/7/25 5:50,03无排行有提醒
52888,皖AT0596,2020/7/24 5:36,03无排行有提醒
52888,皖AT0596,2020/7/23 5:34,03无排行有提醒
52888,皖AT0596,2020/7/22 5:36,03无排行有提醒
52888,皖AT0596,2020/7/21 5:38,03无排行有提醒
52888,皖AT0596,2020/7/20 5:23,03无排行有提醒
52888,皖AT0596,2020/7/19 6:36,03无排行有提醒
52888,皖AT0596,2020/7/18 5:45,03无排行有提醒
51473,粤TEST01,2020/7/17 9:52,03无排行有提醒
52888,皖AT0596,2020/7/17 5:43,03无排行有提醒
52888,皖AT0596,2020/7/16 4:52,03无排行有提醒
52888,皖AT0596,2020/7/15 5:47,03无排行有提醒
52888,皖AT0596,2020/7/14 5:18,03无排行有提醒
52888,皖AT0596,2020/7/13 5:49,03无排行有提醒
52888,皖AT0596,2020/7/12 3:51,03无排行有提醒
52888,皖AT0596,2020/7/11 5:18,03无排行有提醒
52888,皖AT0596,2020/7/10 5:18,03无排行有提醒
52888,皖AT0596,2020/7/9 5:03,03无排行有提醒
52888,皖AT0596,2020/7/8 5:23,03无排行有提醒
52888,皖AT0596,2020/7/7 5:14,03无排行有提醒
52888,皖AT0596,2020/7/6 5:26,03无排行有提醒
52888,皖AT0596,2020/7/5 5:34,03无排行有提醒
52888,皖AT0596,2020/7/4 4:51,03无排行有提醒
52888,皖AT0596,2020/7/3 5:10,03无排行有提醒
52888,皖AT0596,2020/7/2 5:11,03无排行有提醒
52888,皖AT0596,2020/7/1 5:41,03无排行有提醒
52888,皖AT0596,2020/6/30 5:06,03无排行有提醒
52888,皖AT0596,2020/6/29 5:03,03无排行有提醒
52888,皖AT0596,2020/6/28 5:12,03无排行有提醒
52888,皖AT0596,2020/6/27 5:05,03无排行有提醒
52888,皖AT0596,2020/6/26 5:21,03无排行有提醒
52888,皖AT0596,2020/6/25 5:09,03无排行有提醒
52888,皖AT0596,2020/6/24 5:13,03无排行有提醒
52888,皖AT0596,2020/6/23 5:49,03无排行有提醒
52888,皖AT0596,2020/6/22 4:49,03无排行有提醒
52888,皖AT0596,2020/6/21 5:35,03无排行有提醒
52888,皖AT0596,2020/6/20 5:12,03无排行有提醒
52888,皖AT0596,2020/6/19 5:27,03无排行有提醒
52888,皖AT0596,2020/6/17 0:30,03无排行有提醒
52888,皖AT0596,2020/6/16 5:41,03无排行有提醒
52888,皖AT0596,2020/6/15 6:21,03无排行有提醒
52888,皖AT0596,2020/6/14 5:14,03无排行有提醒
52888,皖AT0596,2020/6/13 5:33,03无排行有提醒
52888,皖AT0596,2020/6/12 5:39,03无排行有提醒
52888,皖AT0596,2020/6/11 5:07,03无排行有提醒
52888,皖AT0596,2020/6/10 5:16,03无排行有提醒
52888,皖AT0596,2020/6/9 5:00,03无排行有提醒
52888,皖AT0596,2020/6/8 4:55,03无排行有提醒
52888,皖AT0596,2020/6/7 4:59,03无排行有提醒
52888,皖AT0596,2020/6/6 5:17,03无排行有提醒
52888,皖AT0596,2020/6/5 5:12,03无排行有提醒
52888,皖AT0596,2020/6/4 5:19,03无排行有提醒
52888,皖AT0596,2020/6/3 5:13,03无排行有提醒
52888,皖AT0596,2020/6/2 5:01,03无排行有提醒
52888,皖AT0596,2020/6/1 5:11,03无排行有提醒
52888,皖AT0596,2020/5/31 5:00,03无排行有提醒
52888,皖AT0596,2020/5/30 5:37,03无排行有提醒
52888,皖AT0596,2020/5/29 5:00,03无排行有提醒
52888,皖AT0596,2020/5/28 5:11,03无排行有提醒
52888,皖AT0596,2020/5/27 1:08,03无排行有提醒
52888,皖AT0596,2020/5/26 5:15,03无排行有提醒
52888,皖AT0596,2020/5/25 5:36,03无排行有提醒
52888,皖AT0596,2020/5/24 5:47,03无排行有提醒
52888,皖AT0596,2020/5/23 5:35,03无排行有提醒
52888,皖AT0596,2020/5/22 6:21,03无排行有提醒
52888,皖AT0596,2020/5/21 5:58,03无排行有提醒
52888,皖AT0596,2020/5/20 3:06,03无排行有提醒
52888,皖AT0596,2020/5/19 5:11,03无排行有提醒
52888,皖AT0596,2020/5/18 5:01,03无排行有提醒
52888,皖AT0596,2020/5/17 4:55,03无排行有提醒
52888,皖AT0596,2020/5/16 5:20,03无排行有提醒
52888,皖AT0596,2020/5/15 4:54,03无排行有提醒
52888,皖AT0596,2020/5/14 5:56,03无排行有提醒
52888,皖AT0596,2020/5/13 5:53,03无排行有提醒
52888,皖AT0596,2020/5/12 5:39,03无排行有提醒
52888,皖AT0596,2020/5/11 5:20,03无排行有提醒
52888,皖AT0596,2020/5/10 5:38,03无排行有提醒
52888,皖AT0596,2020/5/9 6:34,03无排行有提醒
52888,皖AT0596,2020/5/8 5:21,03无排行有提醒
52888,皖AT0596,2020/5/7 5:30,03无排行有提醒
52888,皖AT0596,2020/5/6 5:30,03无排行有提醒
52888,皖AT0596,2020/5/5 5:40,03无排行有提醒
52888,皖AT0596,2020/5/4 5:27,03无排行有提醒
52888,皖AT0596,2020/5/3 5:30,03无排行有提醒
52888,皖AT0596,2020/5/2 5:39,03无排行有提醒
52888,皖AT0596,2020/5/1 5:40,03无排行有提醒
52888,皖AT0596,2020/4/30 5:46,03无排行有提醒
52888,皖AT0596,2020/4/29 5:35,03无排行有提醒
52888,皖AT0596,2020/4/28 5:47,03无排行有提醒
52888,皖AT0596,2020/4/27 5:54,03无排行有提醒
52888,皖AT0596,2020/4/26 5:48,03无排行有提醒
52888,皖AT0596,2020/4/25 5:09,03无排行有提醒
52888,皖AT0596,2020/4/24 5:39,03无排行有提醒
52888,皖AT0596,2020/4/23 5:36,03无排行有提醒
52888,皖AT0596,2020/4/22 5:51,03无排行有提醒
52888,皖AT0596,2020/4/21 5:41,03无排行有提醒
51473,粤TEST01,2020/4/20 11:55,03无排行有提醒
52888,皖AT0596,2020/4/20 4:17,03无排行有提醒
52888,皖AT0596,2020/4/19 6:17,03无排行有提醒
52888,皖AT0596,2020/4/18 5:57,03无排行有提醒
52888,皖AT0596,2020/4/17 5:55,03无排行有提醒
52888,皖AT0596,2020/4/16 6:02,03无排行有提醒
52888,皖AT0596,2020/4/15 5:44,03无排行有提醒
52888,皖AT0596,2020/4/14 6:23,03无排行有提醒
52888,皖AT0596,2020/4/13 5:57,03无排行有提醒
52888,皖AT0596,2020/4/12 6:18,03无排行有提醒
52888,皖AT0596,2020/4/11 6:14,03无排行有提醒
52888,皖AT0596,2020/4/10 5:46,03无排行有提醒
52888,皖AT0596,2020/4/9 5:45,03无排行有提醒
52888,皖AT0596,2020/4/8 8:11,03无排行有提醒
52888,皖AT0596,2020/4/7 5:36,03无排行有提醒
52888,皖AT0596,2020/4/6 6:31,03无排行有提醒
52888,皖AT0596,2020/4/5 5:45,03无排行有提醒
52888,皖AT0596,2020/4/4 5:58,03无排行有提醒
52888,皖AT0596,2020/4/3 4:40,03无排行有提醒
52888,皖AT0596,2020/4/2 2:47,03无排行有提醒
52888,皖AT0596,2020/4/1 6:26,03无排行有提醒
52888,皖AT0596,2020/3/31 6:36,03无排行有提醒
52888,皖AT0596,2020/3/30 5:16,03无排行有提醒
52888,皖AT0596,2020/3/29 7:52,03无排行有提醒
52888,皖AT0596,2020/3/28 5:56,03无排行有提醒
52888,皖AT0596,2020/3/27 6:19,03无排行有提醒
52888,皖AT0596,2020/3/26 6:39,03无排行有提醒
52888,皖AT0596,2020/3/25 6:09,03无排行有提醒
52888,皖AT0596,2020/3/24 6:12,03无排行有提醒
51473,粤TEST01,2020/3/23 10:05,03无排行有提醒
52888,皖AT0596,2020/3/23 6:35,03无排行有提醒
52888,皖AT0596,2020/3/22 6:35,03无排行有提醒
52888,皖AT0596,2020/3/21 6:14,03无排行有提醒
52888,皖AT0596,2020/3/20 6:05,03无排行有提醒
52888,皖AT0596,2020/3/19 6:10,03无排行有提醒
52888,皖AT0596,2020/3/17 6:26,03无排行有提醒
52888,皖AT0596,2020/3/16 6:14,03无排行有提醒
52888,皖AT0596,2020/3/15 7:55,03无排行有提醒
52888,皖AT0596,2020/3/14 6:18,03无排行有提醒
52888,皖AT0596,2020/3/12 6:20,03无排行有提醒
52888,皖AT0596,2020/3/11 6:06,03无排行有提醒
52888,皖AT0596,2020/3/10 7:30,03无排行有提醒
52888,皖AT0596,2020/3/9 6:15,03无排行有提醒
52888,皖AT0596,2020/3/8 5:59,03无排行有提醒
52888,皖AT0596,2020/3/7 5:59,03无排行有提醒
52888,皖AT0596,2020/3/6 15:20,03无排行有提醒
52888,皖AT0596,2020/3/5 9:44,03无排行有提醒
52888,皖AT0596,2020/3/4 18:22,03无排行有提醒
52888,皖AT0596,2020/3/3 0:05,03无排行有提醒
52888,皖AT0596,2020/3/1 6:01,03无排行有提醒
52888,皖AT0596,2020/2/29 2:10,03无排行有提醒
52888,皖AT0596,2020/2/28 7:48,03无排行有提醒
52888,皖AT0596,2020/2/27 3:29,03无排行有提醒
52888,皖AT0596,2020/2/26 3:21,03无排行有提醒
52888,皖AT0596,2020/2/25 5:31,03无排行有提醒
52888,皖AT0596,2020/2/24 6:42,03无排行有提醒
52888,皖AT0596,2020/2/23 5:57,03无排行有提醒
52888,皖AT0596,2020/2/22 6:14,03无排行有提醒
52888,皖AT0596,2020/2/21 7:42,03无排行有提醒
52888,皖AT0596,2020/2/20 6:30,03无排行有提醒
52888,皖AT0596,2020/2/19 6:33,03无排行有提醒
52888,皖AT0596,2020/2/18 6:49,03无排行有提醒
52888,皖AT0596,2020/2/17 7:17,03无排行有提醒
52888,皖AT0596,2020/2/16 6:53,03无排行有提醒
52888,皖AT0596,2020/2/13 9:54,03无排行有提醒
52888,皖AT0596,2020/2/12 4:22,03无排行有提醒
52888,皖AT0596,2020/2/11 11:33,03无排行有提醒
52888,皖AT0596,2020/2/10 6:38,03无排行有提醒
52888,皖AT0596,2020/2/9 7:44,03无排行有提醒
52888,皖AT0596,2020/2/8 11:32,03无排行有提醒
52888,皖AT0596,2020/2/7 5:21,03无排行有提醒
52870,皖AT0579,2020/2/6 8:16,03无排行有提醒
52888,皖AT0596,2020/2/6 3:19,03无排行有提醒
52870,皖AT0579,2020/2/5 9:06,03无排行有提醒
52888,皖AT0596,2020/2/5 8:31,03无排行有提醒
52870,皖AT0579,2020/2/4 9:46,03无排行有提醒
52888,皖AT0596,2020/2/4 7:19,03无排行有提醒
52870,皖AT0579,2020/2/3 12:43,03无排行有提醒
52888,皖AT0596,2020/2/3 0:43,03无排行有提醒
52870,皖AT0579,2020/2/2 8:24,03无排行有提醒
52870,皖AT0579,2020/2/1 9:49,03无排行有提醒
52870,皖AT0579,2020/1/31 8:06,03无排行有提醒
52870,皖AT0579,2020/1/30 8:14,03无排行有提醒
52888,皖AT0596,2020/1/30 3:40,03无排行有提醒
52891,皖AT0631,2020/1/29 13:35,03无排行有提醒
52870,皖AT0579,2020/1/29 0:37,03无排行有提醒
52891,皖AT0631,2020/1/28 13:06,03无排行有提醒
52888,皖AT0596,2020/1/28 8:46,03无排行有提醒
52870,皖AT0579,2020/1/28 2:23,03无排行有提醒
52870,皖AT0579,2020/1/27 23:00,03无排行有提醒
52888,皖AT0596,2020/1/27 6:03,03无排行有提醒
52870,皖AT0579,2020/1/26 7:24,03无排行有提醒
52870,皖AT0579,2020/1/25 22:11,03无排行有提醒
52888,皖AT0596,2020/1/25 7:10,03无排行有提醒
52895,皖AT0591,2020/1/25 6:53,03无排行有提醒
52888,皖AT0596,2020/1/24 14:31,03无排行有提醒
52895,皖AT0591,2020/1/24 6:56,03无排行有提醒
52891,皖AT0631,2020/1/23 14:49,03无排行有提醒
52870,皖AT0579,2020/1/23 8:06,03无排行有提醒
52888,皖AT0596,2020/1/23 6:43,03无排行有提醒
52895,皖AT0591,2020/1/23 5:48,03无排行有提醒
52895,皖AT0591,2020/1/22 11:46,03无排行有提醒
52870,皖AT0579,2020/1/22 8:27,03无排行有提醒
52888,皖AT0596,2020/1/22 5:46,03无排行有提醒
52870,皖AT0579,2020/1/21 6:39,03无排行有提醒
52888,皖AT0596,2020/1/21 5:38,03无排行有提醒
52895,皖AT0591,2020/1/21 5:00,03无排行有提醒
52870,皖AT0579,2020/1/20 8:13,03无排行有提醒
52888,皖AT0596,2020/1/20 6:49,03无排行有提醒
52895,皖AT0591,2020/1/20 5:23,03无排行有提醒
52870,皖AT0579,2020/1/19 21:50,03无排行有提醒
52891,皖AT0631,2020/1/19 12:36,03无排行有提醒
52888,皖AT0596,2020/1/19 6:50,03无排行有提醒
52895,皖AT0591,2020/1/19 5:23,03无排行有提醒
52870,皖AT0579,2020/1/18 8:29,03无排行有提醒
52888,皖AT0596,2020/1/18 5:52,03无排行有提醒
52895,皖AT0591,2020/1/18 5:08,03无排行有提醒
52870,皖AT0579,2020/1/17 8:39,03无排行有提醒
52870,皖AT0579,2020/1/16 20:00,03无排行有提醒
52891,皖AT0631,2020/1/16 11:51,03无排行有提醒
52888,皖AT0596,2020/1/16 5:26,03无排行有提醒
52895,皖AT0591,2020/1/16 5:11,03无排行有提醒
52888,皖AT0596,2020/1/15 10:36,03无排行有提醒
52870,皖AT0579,2020/1/15 8:38,03无排行有提醒
52895,皖AT0591,2020/1/15 5:02,03无排行有提醒
52888,皖AT0596,2020/1/14 6:03,03无排行有提醒
52895,皖AT0591,2020/1/14 5:14,03无排行有提醒
52870,皖AT0579,2020/1/14 0:28,03无排行有提醒
52870,皖AT0579,2020/1/13 19:08,03无排行有提醒
52891,皖AT0631,2020/1/13 15:36,03无排行有提醒
52888,皖AT0596,2020/1/13 6:45,03无排行有提醒
52895,皖AT0591,2020/1/13 5:36,03无排行有提醒
52891,皖AT0631,2020/1/12 15:02,03无排行有提醒
52870,皖AT0579,2020/1/12 9:15,03无排行有提醒
52888,皖AT0596,2020/1/12 8:45,03无排行有提醒
52895,皖AT0591,2020/1/12 5:04,03无排行有提醒
52888,皖AT0596,2020/1/11 19:20,03无排行有提醒
52891,皖AT0631,2020/1/11 18:43,03无排行有提醒
52882,皖AT0589,2020/1/11 12:32,03无排行有提醒
52895,皖AT0591,2020/1/11 5:08,03无排行有提醒
52888,皖AT0596,2020/1/10 12:26,03无排行有提醒
52891,皖AT0631,2020/1/10 10:51,03无排行有提醒
52891,皖AT0631,2020/1/9 18:11,03无排行有提醒
52888,皖AT0596,2020/1/9 12:30,03无排行有提醒
52870,皖AT0579,2020/1/9 9:51,03无排行有提醒
52895,皖AT0591,2020/1/9 5:13,03无排行有提醒
52891,皖AT0631,2020/1/8 12:54,03无排行有提醒
52870,皖AT0579,2020/1/8 8:13,03无排行有提醒
52895,皖AT0591,2020/1/8 4:43,03无排行有提醒
52891,皖AT0631,2020/1/7 9:24,03无排行有提醒
52870,皖AT0579,2020/1/7 8:42,03无排行有提醒
52895,皖AT0591,2020/1/7 5:38,03无排行有提醒
52891,皖AT0631,2020/1/6 16:54,03无排行有提醒
52870,皖AT0579,2020/1/6 8:33,03无排行有提醒
52888,皖AT0596,2020/1/6 6:32,03无排行有提醒
52895,皖AT0591,2020/1/6 5:15,03无排行有提醒
52860,皖AT0633,2020/1/5 14:44,03无排行有提醒
52891,皖AT0631,2020/1/5 13:22,03无排行有提醒
52888,皖AT0596,2020/1/5 11:20,03无排行有提醒
52870,皖AT0579,2020/1/5 8:43,03无排行有提醒
52895,皖AT0591,2020/1/5 5:05,03无排行有提醒
52891,皖AT0631,2020/1/4 15:01,03无排行有提醒
52870,皖AT0579,2020/1/4 8:50,03无排行有提醒
52888,皖AT0596,2020/1/4 6:05,03无排行有提醒
52860,皖AT0633,2020/1/4 5:57,03无排行有提醒
52895,皖AT0591,2020/1/4 5:07,03无排行有提醒
52891,皖AT0631,2020/1/3 18:14,03无排行有提醒
52870,皖AT0579,2020/1/3 14:14,03无排行有提醒
52888,皖AT0596,2020/1/3 9:55,03无排行有提醒
52860,皖AT0633,2020/1/3 6:16,03无排行有提醒
52895,皖AT0591,2020/1/3 4:56,03无排行有提醒
52891,皖AT0631,2020/1/2 13:11,03无排行有提醒
52870,皖AT0579,2020/1/2 10:25,03无排行有提醒
52860,皖AT0633,2020/1/2 5:33,03无排行有提醒
52895,皖AT0591,2020/1/2 4:56,03无排行有提醒
52891,皖AT0631,2020/1/1 9:35,03无排行有提醒
52870,皖AT0579,2020/1/1 9:27,03无排行有提醒
52860,皖AT0633,2020/1/1 5:46,03无排行有提醒
52895,皖AT0591,2020/1/1 5:06,03无排行有提醒
52870,皖AT0579,2019/12/31 8:36,03无排行有提醒
52891,皖AT0631,2019/12/31 7:29,03无排行有提醒
52860,皖AT0633,2019/12/31 5:56,03无排行有提醒
52895,皖AT0591,2019/12/31 5:12,03无排行有提醒
52882,皖AT0589,2019/12/30 14:41,03无排行有提醒
52888,皖AT0596,2019/12/30 10:46,03无排行有提醒
52891,皖AT0631,2019/12/30 9:47,03无排行有提醒
52870,皖AT0579,2019/12/30 8:40,03无排行有提醒
52860,皖AT0633,2019/12/30 5:45,03无排行有提醒
52895,皖AT0591,2019/12/30 5:06,03无排行有提醒
52891,皖AT0631,2019/12/29 17:03,03无排行有提醒
52882,皖AT0589,2019/12/29 14:47,03无排行有提醒
52870,皖AT0579,2019/12/29 9:17,03无排行有提醒
52888,皖AT0596,2019/12/29 6:35,03无排行有提醒
52860,皖AT0633,2019/12/29 6:34,03无排行有提醒
52895,皖AT0591,2019/12/29 4:57,03无排行有提醒
52891,皖AT0631,2019/12/28 18:09,03无排行有提醒
52888,皖AT0596,2019/12/28 16:41,03无排行有提醒
52860,皖AT0633,2019/12/28 5:51,03无排行有提醒
52895,皖AT0591,2019/12/28 5:02,03无排行有提醒
52891,皖AT0631,2019/12/27 14:44,03无排行有提醒
52870,皖AT0579,2019/12/27 9:07,03无排行有提醒
52888,皖AT0596,2019/12/27 6:55,03无排行有提醒
52860,皖AT0633,2019/12/27 6:18,03无排行有提醒
52895,皖AT0591,2019/12/27 5:14,03无排行有提醒
52891,皖AT0631,2019/12/26 19:20,03无排行有提醒
52860,皖AT0633,2019/12/26 6:12,03无排行有提醒
52888,皖AT0596,2019/12/26 5:49,03无排行有提醒
52895,皖AT0591,2019/12/26 5:11,03无排行有提醒
52882,皖AT0589,2019/12/26 5:03,03无排行有提醒
52888,皖AT0596,2019/12/25 6:28,03无排行有提醒
52860,皖AT0633,2019/12/25 6:19,03无排行有提醒
52895,皖AT0591,2019/12/25 5:39,03无排行有提醒
52888,皖AT0596,2019/12/24 10:11,03无排行有提醒
52895,皖AT0591,2019/12/24 9:33,03无排行有提醒
52870,皖AT0579,2019/12/24 8:16,03无排行有提醒
52860,皖AT0633,2019/12/24 5:54,03无排行有提醒
52882,皖AT0589,2019/12/24 5:10,03无排行有提醒
52888,皖AT0596,2019/12/23 15:07,03无排行有提醒
52870,皖AT0579,2019/12/23 9:47,03无排行有提醒
52891,皖AT0631,2019/12/23 8:41,03无排行有提醒
52860,皖AT0633,2019/12/23 6:27,03无排行有提醒
52895,皖AT0591,2019/12/23 5:14,03无排行有提醒
52891,皖AT0631,2019/12/22 9:58,03无排行有提醒
52870,皖AT0579,2019/12/22 8:09,03无排行有提醒
52860,皖AT0633,2019/12/22 6:21,03无排行有提醒
52895,皖AT0591,2019/12/22 4:47,03无排行有提醒
52870,皖AT0579,2019/12/21 18:30,03无排行有提醒
52891,皖AT0631,2019/12/21 13:22,03无排行有提醒
52860,皖AT0633,2019/12/21 6:49,03无排行有提醒
52888,皖AT0596,2019/12/21 6:23,03无排行有提醒
52895,皖AT0591,2019/12/21 4:56,03无排行有提醒
52870,皖AT0579,2019/12/20 17:09,03无排行有提醒
52891,皖AT0631,2019/12/20 9:25,03无排行有提醒
52860,皖AT0633,2019/12/20 6:29,03无排行有提醒
52888,皖AT0596,2019/12/20 6:03,03无排行有提醒
52895,皖AT0591,2019/12/20 5:01,03无排行有提醒
52870,皖AT0579,2019/12/19 8:11,03无排行有提醒
52891,皖AT0631,2019/12/19 7:15,03无排行有提醒
52860,皖AT0633,2019/12/19 6:27,03无排行有提醒
52895,皖AT0591,2019/12/19 5:08,03无排行有提醒
52870,皖AT0579,2019/12/18 8:09,03无排行有提醒
52860,皖AT0633,2019/12/18 6:22,03无排行有提醒
52895,皖AT0591,2019/12/18 5:45,03无排行有提醒
52888,皖AT0596,2019/12/18 4:48,03无排行有提醒
52870,皖AT0579,2019/12/17 8:30,03无排行有提醒
52891,皖AT0631,2019/12/17 7:59,03无排行有提醒
52860,皖AT0633,2019/12/17 6:16,03无排行有提醒
52888,皖AT0596,2019/12/17 5:54,03无排行有提醒
52895,皖AT0591,2019/12/17 5:39,03无排行有提醒
52888,皖AT0596,2019/12/16 15:27,03无排行有提醒
52891,皖AT0631,2019/12/16 8:42,03无排行有提醒
52870,皖AT0579,2019/12/16 8:39,03无排行有提醒
52860,皖AT0633,2019/12/16 6:19,03无排行有提醒
52895,皖AT0591,2019/12/16 2:59,03无排行有提醒
52870,皖AT0579,2019/12/15 8:07,03无排行有提醒
52860,皖AT0633,2019/12/15 6:43,03无排行有提醒
52895,皖AT0591,2019/12/15 5:10,03无排行有提醒
52870,皖AT0579,2019/12/14 11:23,03无排行有提醒
52891,皖AT0631,2019/12/14 9:32,03无排行有提醒
52888,皖AT0596,2019/12/14 6:52,03无排行有提醒
52860,皖AT0633,2019/12/14 6:15,03无排行有提醒
52895,皖AT0591,2019/12/14 4:59,03无排行有提醒
52888,皖AT0596,2019/12/13 11:05,03无排行有提醒
52891,皖AT0631,2019/12/13 10:08,03无排行有提醒
52860,皖AT0633,2019/12/13 5:53,03无排行有提醒
52895,皖AT0591,2019/12/13 4:58,03无排行有提醒
52891,皖AT0631,2019/12/12 7:01,03无排行有提醒
52888,皖AT0596,2019/12/12 6:40,03无排行有提醒
52860,皖AT0633,2019/12/12 6:24,03无排行有提醒
52895,皖AT0591,2019/12/12 4:40,03无排行有提醒
52888,皖AT0596,2019/12/11 11:31,03无排行有提醒
52882,皖AT0589,2019/12/11 11:20,03无排行有提醒
52870,皖AT0579,2019/12/11 9:56,03无排行有提醒
52891,皖AT0631,2019/12/11 8:36,03无排行有提醒
52860,皖AT0633,2019/12/11 6:15,03无排行有提醒
52895,皖AT0591,2019/12/11 4:52,03无排行有提醒
52870,皖AT0579,2019/12/10 21:25,03无排行有提醒
52891,皖AT0631,2019/12/10 14:31,03无排行有提醒
52860,皖AT0633,2019/12/10 6:27,03无排行有提醒
52888,皖AT0596,2019/12/10 6:02,03无排行有提醒
52895,皖AT0591,2019/12/10 5:10,03无排行有提醒
52882,皖AT0589,2019/12/9 10:03,03无排行有提醒
52888,皖AT0596,2019/12/9 10:00,03无排行有提醒
52870,皖AT0579,2019/12/9 9:54,03无排行有提醒
52891,皖AT0631,2019/12/9 7:38,03无排行有提醒
52860,皖AT0633,2019/12/9 6:31,03无排行有提醒
52895,皖AT0591,2019/12/9 5:02,03无排行有提醒
52870,皖AT0579,2019/12/8 14:09,03无排行有提醒
52891,皖AT0631,2019/12/8 11:32,03无排行有提醒
52888,皖AT0596,2019/12/8 6:25,03无排行有提醒
52860,皖AT0633,2019/12/8 6:22,03无排行有提醒
52895,皖AT0591,2019/12/8 5:04,03无排行有提醒
52891,皖AT0631,2019/12/7 10:44,03无排行有提醒
52870,皖AT0579,2019/12/7 8:04,03无排行有提醒
52888,皖AT0596,2019/12/7 6:41,03无排行有提醒
52860,皖AT0633,2019/12/7 6:31,03无排行有提醒
52891,皖AT0631,2019/12/6 7:50,03无排行有提醒
52882,皖AT0589,2019/12/6 6:30,03无排行有提醒
52895,皖AT0591,2019/12/6 6:03,03无排行有提醒
52860,皖AT0633,2019/12/6 6:02,03无排行有提醒
52870,皖AT0579,2019/12/6 5:44,03无排行有提醒
52886,皖AT0621,2019/12/5 11:14,03无排行有提醒
52870,皖AT0579,2019/12/5 10:16,03无排行有提醒
52891,皖AT0631,2019/12/5 7:24,03无排行有提醒
52878,皖AT0563,2019/12/5 6:14,03无排行有提醒
52860,皖AT0633,2019/12/5 5:52,03无排行有提醒
52888,皖AT0596,2019/12/5 5:39,03无排行有提醒
52882,皖AT0589,2019/12/5 5:22,03无排行有提醒
52895,皖AT0591,2019/12/5 4:55,03无排行有提醒
52878,皖AT0563,2019/12/4 20:38,03无排行有提醒
52888,皖AT0596,2019/12/4 17:37,03无排行有提醒
52863,皖AT0549,2019/12/4 15:36,03无排行有提醒
52882,皖AT0589,2019/12/4 14:42,03无排行有提醒
52891,皖AT0631,2019/12/4 14:41,03无排行有提醒
52860,皖AT0633,2019/12/4 13:42,03无排行有提醒
52870,皖AT0579,2019/12/4 13:40,03无排行有提醒
52895,皖AT0591,2019/12/4 13:25,03无排行有提醒
52847,粤BS207S,2019/11/15 17:17,03无排行有提醒
52839,渝D865V3,2019/10/22 21:20,03无排行有提醒
52817,粤B3AU48,2019/10/20 14:09,03无排行有提醒
52847,粤BS207S,2019/10/12 11:43,03无排行有提醒
52847,粤BS207S,2019/10/10 8:28,03无排行有提醒
52825,粤B2X562,2019/10/10 7:34,03无排行有提醒
51473,粤TEST01,2019/9/17 14:20,03无排行有提醒
52817,粤B3AU48,2019/9/15 16:50,03无排行有提醒
52843,粤B892VK,2019/9/10 17:37,03无排行有提醒
52817,粤B3AU48,2019/9/8 8:39,03无排行有提醒
52817,粤B3AU48,2019/8/29 23:33,03无排行有提醒
52817,粤B3AU48,2019/8/28 6:56,03无排行有提醒
52817,粤B3AU48,2019/8/25 14:36,03无排行有提醒
52817,粤B3AU48,2019/8/24 17:18,03无排行有提醒
52839,渝D865V3,2019/8/22 9:36,03无排行有提醒
52817,粤B3AU48,2019/8/22 6:39,03无排行有提醒
52839,渝D865V3,2019/8/21 11:43,03无排行有提醒
52834,粤STC809,2019/8/20 18:20,03无排行有提醒
52817,粤B3AU48,2019/8/19 23:40,03无排行有提醒
52821,粤B533CJ,2019/8/19 23:14,03无排行有提醒
51473,粤TEST01,2019/8/19 11:40,03无排行有提醒
52825,粤B2X562,2019/8/18 21:47,03无排行有提醒
52817,粤B3AU48,2019/8/18 14:32,03无排行有提醒
52817,粤B3AU48,2019/8/16 14:29,03无排行有提醒
52834,粤STC809,2019/8/16 5:36,03无排行有提醒
52830,粤BY1047,2019/8/15 19:06,03无排行有提醒
52817,粤B3AU48,2019/8/15 18:54,03无排行有提醒
52834,粤STC809,2019/8/15 15:58,03无排行有提醒
52817,粤B3AU48,2019/8/14 17:56,03无排行有提醒
52817,粤B3AU48,2019/8/12 21:00,03无排行有提醒
52817,粤B3AU48,2019/8/11 11:17,03无排行有提醒
52817,粤B3AU48,2019/8/10 14:28,03无排行有提醒
52821,粤B533CJ,2019/8/10 12:32,03无排行有提醒
52821,粤B533CJ,2019/8/9 13:44,03无排行有提醒
52821,粤B533CJ,2019/8/8 18:37,03无排行有提醒
51473,粤TEST01,2019/8/8 13:57,03无排行有提醒
52817,粤B3AU48,2019/8/8 7:26,03无排行有提醒
52821,粤B533CJ,2019/8/7 20:02,03无排行有提醒
52817,粤B3AU48,2019/8/7 19:02,03无排行有提醒
52817,粤B3AU48,2019/8/6 12:49,03无排行有提醒
52817,粤B3AU48,2019/8/5 19:50,03无排行有提醒
51473,粤TEST01,2019/7/31 9:05,03无排行有提醒
51473,粤TEST01,2019/7/4 14:41,03无排行有提醒
51473,粤TEST01,2019/6/13 8:59,03无排行有提醒
51473,粤TEST01,2019/5/5 9:14,03无排行有提醒
51473,粤TEST01,2019/4/22 9:02,03无排行有提醒
51473,粤TEST01,2019/4/2 13:57,03无排行有提醒
51473,粤TEST01,2019/4/1 9:15,03无排行有提醒
51473,粤TEST01,2019/3/28 10:48,03无排行有提醒
51473,粤TEST01,2019/3/21 17:20,03无排行有提醒
51473,粤TEST01,2019/3/19 16:03,03无排行有提醒
51473,粤TEST01,2019/3/18 17:12,03无排行有提醒
51473,粤TEST01,2019/3/15 9:33,03无排行有提醒
51473,粤TEST01,2019/3/12 11:45,03无排行有提醒
51473,粤TEST01,2019/2/28 11:50,03无排行有提醒
51473,粤TEST01,2019/2/26 14:03,03无排行有提醒
51473,粤TEST01,2019/2/20 8:49,03无排行有提醒
51473,粤TEST01,2019/2/19 16:07,03无排行有提醒
51473,粤TEST01,2019/1/24 11:55,03无排行有提醒
51473,粤TEST01,2019/1/15 15:59,03无排行有提醒
51473,粤TEST01,2019/1/3 15:04,03无排行有提醒
51473,粤TEST01,2019/1/2 14:33,03无排行有提醒
51473,粤TEST01,2018/12/26 10:38,03无排行有提醒
51473,粤TEST01,2018/12/12 14:47,03无排行有提醒
51473,粤TEST01,2018/12/5 9:18,03无排行有提醒
51473,粤TEST01,2018/12/4 16:35,03无排行有提醒
51473,粤TEST01,2018/11/22 9:18,03无排行有提醒
51473,粤TEST01,2018/11/14 14:22,03无排行有提醒
51473,粤TEST01,2018/11/13 11:42,03无排行有提醒
51473,粤TEST01,2018/11/12 9:37,03无排行有提醒
51473,粤TEST01,2018/11/9 10:07,03无排行有提醒
51473,粤TEST01,2018/11/8 14:03,03无排行有提醒
51473,粤TEST01,2018/11/6 20:01,03无排行有提醒
51473,粤TEST01,2018/11/5 16:47,03无排行有提醒
51473,粤TEST01,2018/11/1 14:12,03无排行有提醒
51473,粤TEST01,2017/7/31 13:45,03无排行有提醒
51473,粤TEST01,2017/7/18 17:49,03无排行有提醒
51473,粤TEST01,2017/7/11 15:13,03无排行有提醒
51473,粤TEST01,2017/7/7 14:24,03无排行有提醒
51473,粤TEST01,2017/7/4 17:56,03无排行有提醒
51473,粤TEST01,2017/6/30 14:22,03无排行有提醒
51473,粤TEST01,2017/4/27 14:57,03无排行有提醒
51473,粤TEST01,2017/4/6 9:30,03无排行有提醒
51473,粤TEST01,2017/3/13 17:04,03无排行有提醒
51473,粤TEST01,2017/3/10 15:39,03无排行有提醒
51473,粤TEST01,2017/2/24 9:32,03无排行有提醒
51473,粤TEST01,2017/2/22 10:46,03无排行有提醒
51473,粤TEST01,2017/2/20 15:04,03无排行有提醒
51473,粤TEST01,2017/2/13 10:04,03无排行有提醒
51473,粤TEST01,2017/2/8 9:24,03无排行有提醒
51473,粤TEST01,2017/1/19 10:28,03无排行有提醒
51473,粤TEST01,2017/1/17 9:41,03无排行有提醒
51473,粤TEST01,2017/1/12 15:03,03无排行有提醒
51473,粤TEST01,2017/1/10 14:33,03无排行有提醒
51473,粤TEST01,2017/1/3 9:13,03无排行有提醒
51473,粤TEST01,2016/12/29 9:21,03无排行有提醒
51473,粤TEST01,2016/12/28 9:35,03无排行有提醒
51473,粤TEST01,2016/12/27 11:05,03无排行有提醒
51473,粤TEST01,2016/12/26 9:20,03无排行有提醒
51473,粤TEST01,2016/12/22 9:27,03无排行有提醒
51473,粤TEST01,2016/12/13 9:04,03无排行有提醒
51473,粤TEST01,2016/12/1 10:25,03无排行有提醒
51473,粤TEST01,2016/11/22 9:27,03无排行有提醒
51473,粤TEST01,2016/11/4 8:50,03无排行有提醒
51473,粤TEST01,2016/10/20 13:41,03无排行有提醒
51473,粤TEST01,2016/10/13 12:02,03无排行有提醒
51473,粤TEST01,2016/10/12 17:25,03无排行有提醒
51473,粤TEST01,2016/10/11 9:36,03无排行有提醒
51473,粤TEST01,2016/10/10 15:34,03无排行有提醒
51473,粤TEST01,2016/9/30 14:16,03无排行有提醒
52883,皖AT0658,2020/3/30 18:35,04无排行无提醒
52883,皖AT0658,2020/3/2 13:50,04无排行无提醒
52883,皖AT0658,2020/2/5 14:11,04无排行无提醒
52883,皖AT0658,2020/1/19 8:20,04无排行无提醒
52883,皖AT0658,2020/1/12 6:09,04无排行无提醒
52871,皖AT0661,2020/1/7 22:29,04无排行无提醒
52883,皖AT0658,2020/1/7 19:05,04无排行无提醒
52883,皖AT0658,2020/1/5 9:06,04无排行无提醒
52875,皖AT0556,2020/1/4 20:21,04无排行无提醒
52871,皖AT0661,2020/1/4 8:44,04无排行无提醒
52883,皖AT0658,2020/1/3 6:19,04无排行无提醒
52883,皖AT0658,2020/1/2 21:59,04无排行无提醒
52883,皖AT0658,2020/1/1 7:27,04无排行无提醒
52871,皖AT0661,2019/12/28 16:45,04无排行无提醒
52871,皖AT0661,2019/12/27 23:17,04无排行无提醒
52871,皖AT0661,2019/12/26 23:20,04无排行无提醒
52883,皖AT0658,2019/12/26 11:12,04无排行无提醒
52883,皖AT0658,2019/12/24 9:18,04无排行无提醒
52867,皖AT0608,2019/12/23 13:18,04无排行无提醒
52883,皖AT0658,2019/12/23 6:51,04无排行无提醒
52871,皖AT0661,2019/12/22 22:42,04无排行无提醒
52883,皖AT0658,2019/12/22 21:00,04无排行无提醒
52875,皖AT0556,2019/12/21 5:38,04无排行无提醒
52867,皖AT0608,2019/12/20 12:46,04无排行无提醒
52887,皖AT0666,2019/12/16 20:54,04无排行无提醒
52883,皖AT0658,2019/12/15 21:06,04无排行无提醒
52871,皖AT0661,2019/12/15 6:42,04无排行无提醒
52875,皖AT0556,2019/12/14 22:49,04无排行无提醒
52883,皖AT0658,2019/12/13 18:38,04无排行无提醒
52883,皖AT0658,2019/12/12 6:48,04无排行无提醒
52871,皖AT0661,2019/12/11 22:35,04无排行无提醒
52883,皖AT0658,2019/12/11 6:56,04无排行无提醒
52883,皖AT0658,2019/12/10 11:21,04无排行无提醒
52887,皖AT0666,2019/12/9 13:17,04无排行无提醒
52875,皖AT0556,2019/12/9 10:35,04无排行无提醒
52867,皖AT0608,2019/12/9 9:53,04无排行无提醒
52864,皖AT0560,2019/12/9 7:00,04无排行无提醒
52883,皖AT0658,2019/12/9 2:01,04无排行无提醒
52871,皖AT0661,2019/12/8 22:25,04无排行无提醒
52879,皖AT0616,2019/12/8 19:59,04无排行无提醒
52883,皖AT0658,2019/12/8 18:52,04无排行无提醒
52887,皖AT0666,2019/12/8 16:28,04无排行无提醒
52875,皖AT0556,2019/12/8 16:13,04无排行无提醒
52867,皖AT0608,2019/12/7 11:12,04无排行无提醒
52871,皖AT0661,2019/12/7 6:56,04无排行无提醒
52875,皖AT0556,2019/12/7 5:35,04无排行无提醒
52871,皖AT0661,2019/12/6 21:53,04无排行无提醒
52883,皖AT0658,2019/12/5 21:25,04无排行无提醒
52871,皖AT0661,2019/12/5 18:31,04无排行无提醒
52879,皖AT0616,2019/12/5 17:21,04无排行无提醒
52867,皖AT0608,2019/12/5 9:31,04无排行无提醒
52875,皖AT0556,2019/12/5 4:53,04无排行无提醒
52871,皖AT0661,2019/12/4 20:05,04无排行无提醒
52856,皖AT0540,2019/12/4 18:24,04无排行无提醒
52864,皖AT0560,2019/12/4 16:49,04无排行无提醒
52875,皖AT0556,2019/12/4 14:51,04无排行无提醒
52879,皖AT0616,2019/12/4 14:48,04无排行无提醒
52883,皖AT0658,2019/12/4 14:34,04无排行无提醒
52856,皖AT0540,2019/10/31 18:58,04无排行无提醒
52856,皖AT0540,2019/10/29 3:13,04无排行无提醒
52832,粤PR5795,2019/10/28 11:26,04无排行无提醒
52856,皖AT0540,2019/10/25 22:11,04无排行无提醒
52856,皖AT0540,2019/10/24 19:19,04无排行无提醒
52832,粤PR5795,2019/10/12 13:19,04无排行无提醒
52832,粤PR5795,2019/9/21 11:06,04无排行无提醒
52845,粤B83CT2,2019/9/12 17:15,04无排行无提醒
52845,粤B83CT2,2019/9/11 17:57,04无排行无提醒
52832,粤PR5795,2019/9/2 9:39,04无排行无提醒
52832,粤PR5795,2019/8/29 9:48,04无排行无提醒
52810,粤STB959,2019/8/29 7:06,04无排行无提醒
52810,粤STB959,2019/8/28 17:26,04无排行无提醒
52841,粤B0Y92H,2019/8/24 13:52,04无排行无提醒
52841,粤B0Y92H,2019/8/23 7:25,04无排行无提醒
52841,粤B0Y92H,2019/8/22 22:06,04无排行无提醒
52832,粤PR5795,2019/8/20 22:28,04无排行无提醒
52810,粤STB959,2019/8/20 20:52,04无排行无提醒
52832,粤PR5795,2019/8/14 14:31,04无排行无提醒
52815,粤B4C0S6,2019/8/12 13:34,04无排行无提醒
52810,粤STB959,2019/8/10 18:36,04无排行无提醒
52819,粤M1J812,2019/8/9 18:58,04无排行无提醒
52810,粤STB959,2019/8/8 20:38,04无排行无提醒
52810,粤STB959,2019/8/4 12:51,04无排行无提醒
52815,粤B4C0S6,2019/8/2 13:49,04无排行无提醒
52810,粤STB959,2019/8/2 11:56,04无排行无提醒
52815,粤B4C0S6,2019/8/1 16:39,04无排行无提醒
52810,粤STB959,2019/7/27 22:01,04无排行无提醒
52810,粤STB959,2019/7/26 15:58,04无排行无提醒
