日期,车牌号,部门,绝色出行天数,行驶天数,油耗,碳排放.kg.,绿色出行减排.kg.
2019年6月,粤BT2220,01有排行有提醒,1,13,198.27,446.9,34.38
2019年7月,粤BT2220,01有排行有提醒,2,29,418.95,944.31,65.13
2019年8月,粤BT2220,01有排行有提醒,0,31,396.77,894.32,0
2019年8月,粤S45B27,01有排行有提醒,16,8,127.25,286.82,573.64
2019年8月,粤LBY602,01有排行有提醒,10,12,88.66,199.84,166.53
2019年8月,粤B2K335,01有排行有提醒,0,16,96.54,217.6,0
2019年8月,粤L39ES3,01有排行有提醒,0,9,42.74,96.34,0
2019年8月,粤B048RX,01有排行有提醒,0,12,41.99,94.65,0
2019年8月,粤B3R80W,01有排行有提醒,0,9,51.04,115.04,0
2019年9月,粤L39ES3,01有排行有提醒,0,27,242.39,546.35,0
2019年9月,粤BT2220,01有排行有提醒,1,29,394.51,889.23,30.66
2019年9月,粤B048RX,01有排行有提醒,0,3,10.6,23.89,0
2019年9月,粤LBY602,01有排行有提醒,24,6,11.95,26.94,107.74
2019年9月,粤B3R80W,01有排行有提醒,3,19,17.51,39.47,6.23
2019年9月,粤B2K335,01有排行有提醒,8,22,103.38,233.02,84.73
2019年9月,粤S45B27,01有排行有提醒,30,0,0,0,1109.4
2019年9月,粤BH218W,01有排行有提醒,20,1,0,0,0
2019年10月,粤B2K335,01有排行有提醒,0,31,78.82,177.66,0
2019年10月,粤BH218W,01有排行有提醒,28,3,0,0,0
2019年10月,粤B3R80W,01有排行有提醒,2,29,72.59,163.62,11.28
2019年10月,粤L39ES3,01有排行有提醒,0,12,81.42,183.52,0
2019年10月,粤B048RX,01有排行有提醒,0,0,0,0,0
2019年10月,粤LBY602,01有排行有提醒,31,0,0,0,372.31
2019年10月,粤S45B27,01有排行有提醒,31,0,0,0,1146.38
2019年10月,粤BT2220,01有排行有提醒,5,26,366.08,825.14,158.68
2019年10月,皖AT0626,01有排行有提醒,0,8,224.94,507.01,0
2019年11月,皖AT0626,01有排行有提醒,5,25,491.69,1108.27,221.65
2019年11月,粤L39ES3,01有排行有提醒,0,26,224.94,507.01,0
2019年11月,粤BT2220,01有排行有提醒,0,30,413,930.9,0
2019年11月,粤B3R80W,01有排行有提醒,2,28,94.71,213.48,15.25
2019年11月,粤B2K335,01有排行有提醒,0,30,94.27,212.48,0
2019年11月,粤LBY602,01有排行有提醒,30,0,0,0,360.3
2019年11月,粤S45B27,01有排行有提醒,30,0,0,0,1109.4
2019年11月,粤BH218W,01有排行有提醒,30,0,0,0,0
2019年11月,粤B048RX,01有排行有提醒,0,0,0,0,0
2019年11月,皖AT0553,01有排行有提醒,0,24,841.25,1896.18,0
2019年11月,皖AT0547,01有排行有提醒,0,3,154.43,348.09,0
2019年11月,皖AT0650,01有排行有提醒,0,3,142.51,321.22,0
2019年11月,皖AT0642,01有排行有提醒,0,2,67.03,151.09,0
2019年11月,皖AT0665,01有排行有提醒,0,3,102.68,231.44,0
2019年11月,皖AT0599,01有排行有提醒,0,3,92.58,208.68,0
2019年11月,皖AT0568,01有排行有提醒,0,3,55.33,124.71,0
2019年11月,皖AT0600,01有排行有提醒,0,3,126.23,284.52,0
2019年11月,皖AT0628,01有排行有提醒,0,3,98.52,222.06,0
2019年11月,皖AT0609,01有排行有提醒,0,1,0.94,2.12,0
2019年11月,皖AT0619,01有排行有提醒,0,2,22.39,50.47,0
2019年12月,皖AT0547,01有排行有提醒,0,31,1808.74,4076.9,0
2019年12月,皖AT0650,01有排行有提醒,0,31,1791.87,4038.87,0
2019年12月,皖AT0568,01有排行有提醒,0,31,1729.02,3897.21,0
2019年12月,皖AT0600,01有排行有提醒,0,31,1926.01,4341.23,0
2019年12月,皖AT0665,01有排行有提醒,0,31,1217.3,2743.79,0
2019年12月,皖AT0628,01有排行有提醒,1,30,1070.18,2412.19,80.41
2019年12月,皖AT0553,01有排行有提醒,17,13,378.96,854.18,1117
2019年12月,粤B2K335,01有排行有提醒,7,24,62.34,140.51,40.98
2019年12月,粤L39ES3,01有排行有提醒,0,28,188.15,424.09,0
2019年12月,粤BT2220,01有排行有提醒,0,31,402.77,907.84,0
2019年12月,皖AT0619,01有排行有提醒,0,31,618.29,1393.63,0
2019年12月,粤B3R80W,01有排行有提醒,0,31,113.18,255.11,0
2019年12月,皖AT0642,01有排行有提醒,1,12,74.79,168.58,14.05
2019年12月,皖AT0626,01有排行有提醒,31,0,0,0,1541.63
2019年12月,皖AT0609,01有排行有提醒,0,0,0,0,0
2019年12月,粤S45B27,01有排行有提醒,31,0,0,0,1146.38
2019年12月,粤B048RX,01有排行有提醒,0,0,0,0,0
2019年12月,粤BH218W,01有排行有提醒,31,0,0,0,0
2019年12月,粤LBY602,01有排行有提醒,31,0,0,0,372.31
2019年12月,皖AT0599,01有排行有提醒,1,30,1076.8,2427.11,80.9
2020年1月,皖AT0547,01有排行有提醒,2,29,1566.74,3531.43,243.55
2020年1月,皖AT0600,01有排行有提醒,8,23,1257.14,2833.59,985.6
2020年1月,皖AT0568,01有排行有提醒,8,23,1113.36,2509.51,872.87
2020年1月,皖AT0650,01有排行有提醒,2,29,941.96,2123.18,146.43
2020年1月,皖AT0665,01有排行有提醒,0,31,1284.27,2894.74,0
2020年1月,皖AT0628,01有排行有提醒,4,27,934.72,2106.86,312.13
2020年1月,皖AT0599,01有排行有提醒,0,31,960.07,2164,0
2020年1月,皖AT0553,01有排行有提醒,6,24,944.21,2128.25,532.06
2020年1月,粤B3R80W,01有排行有提醒,1,30,66.7,150.34,5.01
2020年1月,皖AT0619,01有排行有提醒,0,31,881.37,1986.61,0
2020年1月,粤L39ES3,01有排行有提醒,17,11,11.52,25.97,40.13
2020年1月,皖AT0609,01有排行有提醒,0,0,0,0,0
2020年1月,皖AT0642,01有排行有提醒,8,23,293.96,662.59,230.46
2020年1月,粤BH218W,01有排行有提醒,31,0,0,0,0
2020年1月,粤S45B27,01有排行有提醒,31,0,0,0,1146.38
2020年1月,粤LBY602,01有排行有提醒,31,0,0,0,372.31
2020年1月,皖AT0626,01有排行有提醒,31,0,0,0,1541.63
2020年1月,粤B2K335,01有排行有提醒,31,0,0,0,253.89
2020年1月,粤B048RX,01有排行有提醒,0,0,0,0,0
2020年1月,粤BT2220,01有排行有提醒,13,18,242.66,546.96,395.02
2020年2月,皖AT0665,01有排行有提醒,0,29,1036.19,2335.57,0
2020年2月,皖AT0599,01有排行有提醒,3,26,357.32,805.4,92.93
2020年2月,粤B3R80W,01有排行有提醒,2,27,59.38,133.84,9.91
2020年2月,皖AT0547,01有排行有提醒,20,9,48.62,109.59,243.53
2020年2月,皖AT0600,01有排行有提醒,29,0,0,0,3837.28
2020年2月,皖AT0628,01有排行有提醒,9,20,111.31,250.89,112.9
2020年2月,皖AT0568,01有排行有提醒,17,12,178.69,402.77,570.59
2020年2月,皖AT0642,01有排行有提醒,20,9,29.4,66.27,147.26
2020年2月,皖AT0619,01有排行有提醒,12,17,82.64,186.27,131.49
2020年2月,皖AT0650,01有排行有提醒,15,14,281.03,633.44,678.69
2020年2月,皖AT0609,01有排行有提醒,0,0,0,0,0
2020年2月,粤BH218W,01有排行有提醒,29,0,0,0,0
2020年2月,粤S45B27,01有排行有提醒,29,0,0,0,1072.42
2020年2月,粤LBY602,01有排行有提醒,29,0,0,0,348.29
2020年2月,皖AT0626,01有排行有提醒,29,0,0,0,1442.17
2020年2月,皖AT0553,01有排行有提醒,26,3,1.31,2.95,25.59
2020年2月,粤L39ES3,01有排行有提醒,27,1,1.02,2.3,62.08
2020年2月,粤B2K335,01有排行有提醒,29,0,0,0,237.51
2020年2月,粤B048RX,01有排行有提醒,0,0,0,0,0
2020年2月,粤BT2220,01有排行有提醒,29,0,0,0,840.13
2020年3月,皖AT0665,01有排行有提醒,0,31,1140.77,2571.3,0
2020年3月,皖AT0568,01有排行有提醒,0,31,1276.17,2876.49,0
2020年3月,皖AT0650,01有排行有提醒,0,31,513.21,1156.78,0
2020年3月,皖AT0628,01有排行有提醒,5,26,515.87,1162.77,223.61
2020年3月,皖AT0599,01有排行有提醒,0,31,711.33,1603.34,0
2020年3月,皖AT0619,01有排行有提醒,1,30,187.37,422.33,14.08
2020年3月,皖AT0642,01有排行有提醒,11,20,119.96,270.39,148.71
2020年3月,粤B3R80W,01有排行有提醒,0,31,69.25,156.09,0
2020年3月,粤L39ES3,01有排行有提醒,21,10,2.44,5.5,11.55
2020年3月,皖AT0609,01有排行有提醒,0,0,0,0,0
2020年3月,皖AT0547,01有排行有提醒,31,0,0,0,3605.61
2020年3月,皖AT0600,01有排行有提醒,31,0,0,0,4101.92
2020年3月,粤BH218W,01有排行有提醒,31,0,0,0,0
2020年3月,粤S45B27,01有排行有提醒,31,0,0,0,1146.38
2020年3月,粤LBY602,01有排行有提醒,31,0,0,0,372.31
2020年3月,皖AT0626,01有排行有提醒,31,0,0,0,1541.63
2020年3月,皖AT0553,01有排行有提醒,7,24,472.69,1065.44,310.75
2020年3月,粤B2K335,01有排行有提醒,31,0,0,0,253.89
2020年3月,粤B048RX,01有排行有提醒,0,0,0,0,0
2020年3月,粤BT2220,01有排行有提醒,15,16,264.86,596.99,559.68
2020年4月,皖AT0599,01有排行有提醒,0,30,1092.02,2461.41,0
2020年4月,皖AT0568,01有排行有提醒,0,30,1572.87,3545.25,0
2020年4月,皖AT0665,01有排行有提醒,0,30,1308.71,2949.83,0
2020年4月,皖AT0553,01有排行有提醒,0,30,910.21,2051.61,0
2020年4月,皖AT0650,01有排行有提醒,0,30,860.23,1938.96,0
2020年4月,皖AT0628,01有排行有提醒,0,30,1152.84,2598.5,0
2020年4月,粤BT2220,01有排行有提醒,7,23,384.96,867.7,264.08
2020年4月,粤B3R80W,01有排行有提醒,0,30,71.8,161.84,0
2020年4月,皖AT0642,01有排行有提醒,1,29,195.44,440.52,15.19
2020年4月,粤L39ES3,01有排行有提醒,24,5,4.5,10.14,48.69
2020年4月,皖AT0626,01有排行有提醒,30,0,0,0,1491.9
2020年4月,粤LBY602,01有排行有提醒,30,0,0,0,360.3
2020年4月,皖AT0547,01有排行有提醒,30,0,0,0,3489.3
2020年4月,皖AT0619,01有排行有提醒,30,0,0,0,1093.5
2020年4月,皖AT0609,01有排行有提醒,0,0,0,0,0
2020年4月,粤B2K335,01有排行有提醒,30,0,0,0,245.7
2020年4月,粤S45B27,01有排行有提醒,30,0,0,0,1109.4
2020年4月,粤B048RX,01有排行有提醒,0,0,0,0,0
2020年4月,粤BH218W,01有排行有提醒,30,0,0,0,0
2020年4月,皖AT0600,01有排行有提醒,30,0,0,0,3969.6
2020年5月,皖AT0628,01有排行有提醒,0,31,1310.49,2953.84,0
2020年5月,皖AT0665,01有排行有提醒,0,31,1358.15,3061.27,0
2020年5月,皖AT0568,01有排行有提醒,0,31,1625.69,3664.31,0
2020年5月,皖AT0599,01有排行有提醒,0,31,1226.01,2763.43,0
2020年5月,皖AT0553,01有排行有提醒,0,31,1147.98,2587.55,0
2020年5月,皖AT0642,01有排行有提醒,0,31,231.85,522.59,0
2020年5月,皖AT0650,01有排行有提醒,0,31,984.56,2219.2,0
2020年5月,粤BT2220,01有排行有提醒,2,29,380.48,857.6,59.14
2020年5月,粤B3R80W,01有排行有提醒,0,31,68.1,153.5,0
2020年5月,粤LBY602,01有排行有提醒,31,0,0,0,372.31
2020年5月,皖AT0547,01有排行有提醒,31,0,0,0,3605.61
2020年5月,皖AT0626,01有排行有提醒,31,0,0,0,1541.63
2020年5月,皖AT0619,01有排行有提醒,31,0,0,0,1129.95
2020年5月,皖AT0609,01有排行有提醒,0,0,0,0,0
2020年5月,粤S45B27,01有排行有提醒,31,0,0,0,1146.38
2020年5月,粤L39ES3,01有排行有提醒,27,4,4.7,10.59,71.51
2020年5月,粤B048RX,01有排行有提醒,0,0,0,0,0
2020年5月,皖AT0600,01有排行有提醒,31,0,0,0,4101.92
2020年5月,粤BH218W,01有排行有提醒,31,0,0,0,0
2020年5月,粤B2K335,01有排行有提醒,31,0,0,0,253.89
2020年6月,皖AT0568,01有排行有提醒,0,30,1613.34,3636.47,0
2020年6月,皖AT0628,01有排行有提醒,0,30,1376.96,3103.67,0
2020年6月,皖AT0665,01有排行有提醒,1,29,1217.36,2743.93,94.62
2020年6月,皖AT0650,01有排行有提醒,0,30,936.38,2110.6,0
2020年6月,皖AT0553,01有排行有提醒,0,30,1148.44,2588.58,0
2020年6月,皖AT0599,01有排行有提醒,0,30,1169.4,2635.83,0
2020年6月,皖AT0642,01有排行有提醒,0,30,244.19,550.4,0
2020年6月,粤BT2220,01有排行有提醒,1,29,410.27,924.75,31.89
2020年6月,粤B3R80W,01有排行有提醒,0,30,68.81,155.1,0
2020年6月,皖AT0626,01有排行有提醒,30,0,0,0,1491.9
2020年6月,皖AT0547,01有排行有提醒,30,0,0,0,3489.3
2020年6月,粤B048RX,01有排行有提醒,0,0,0,0,0
2020年6月,皖AT0609,01有排行有提醒,0,0,0,0,0
2020年6月,粤BH218W,01有排行有提醒,30,0,0,0,0
2020年6月,皖AT0619,01有排行有提醒,30,0,0,0,1093.5
2020年6月,粤L39ES3,01有排行有提醒,25,5,2.81,6.33,31.67
2020年6月,粤S45B27,01有排行有提醒,30,0,0,0,1109.4
2020年6月,粤LBY602,01有排行有提醒,30,0,0,0,360.3
2020年6月,皖AT0600,01有排行有提醒,30,0,0,0,3969.6
2020年6月,粤B2K335,01有排行有提醒,30,0,0,0,245.7
2020年7月,皖AT0599,01有排行有提醒,0,15,524.67,1182.61,0
2020年7月,皖AT0650,01有排行有提醒,0,15,471.53,1062.83,0
2020年7月,皖AT0628,01有排行有提醒,0,15,657.6,1482.23,0
2020年7月,皖AT0665,01有排行有提醒,0,15,701.39,1580.93,0
2020年7月,皖AT0553,01有排行有提醒,1,14,529.2,1192.82,85.2
2020年7月,皖AT0568,01有排行有提醒,0,15,769.19,1733.75,0
2020年7月,皖AT0642,01有排行有提醒,9,6,40.55,91.4,137.1
2020年7月,粤BT2220,01有排行有提醒,7,8,136.33,307.29,268.88
2020年7月,粤B3R80W,01有排行有提醒,0,15,28.99,65.34,0
2020年7月,皖AT0609,01有排行有提醒,0,0,0,0,0
2020年7月,皖AT0600,01有排行有提醒,15,0,0,0,1984.8
2020年7月,皖AT0619,01有排行有提醒,15,0,0,0,546.75
2020年7月,皖AT0547,01有排行有提醒,15,0,0,0,1744.65
2020年7月,粤BH218W,01有排行有提醒,15,0,0,0,0
2020年7月,粤S45B27,01有排行有提醒,15,0,0,0,554.7
2020年7月,粤LBY602,01有排行有提醒,15,0,0,0,180.15
2020年7月,皖AT0626,01有排行有提醒,15,0,0,0,745.95
2020年7月,粤B048RX,01有排行有提醒,0,0,0,0,0
2020年7月,粤L39ES3,01有排行有提醒,12,3,3.79,8.54,34.17
2020年7月,粤B2K335,01有排行有提醒,15,0,0,0,122.85
2020年8月,皖AT0568,01有排行有提醒,0,31,1863.1,4199.43,0
2020年8月,皖AT0650,01有排行有提醒,0,31,1130.48,2548.1,0
2020年8月,皖AT0665,01有排行有提醒,0,31,1482.49,3341.53,0
2020年8月,皖AT0553,01有排行有提醒,0,31,1320.11,2975.53,0
2020年8月,皖AT0599,01有排行有提醒,0,31,898.24,2024.63,0
2020年8月,皖AT0628,01有排行有提醒,1,30,1506.54,3395.74,113.19
2020年8月,皖AT0642,01有排行有提醒,3,28,236.32,532.67,57.07
2020年8月,粤BT2220,01有排行有提醒,3,28,495.81,1117.56,119.74
2020年8月,粤B3R80W,01有排行有提醒,30,1,1,2.25,67.62
2020年8月,皖AT0619,01有排行有提醒,31,0,0,0,1129.95
2020年8月,皖AT0609,01有排行有提醒,0,0,0,0,0
2020年8月,皖AT0600,01有排行有提醒,31,0,0,0,4101.92
2020年8月,皖AT0547,01有排行有提醒,31,0,0,0,3605.61
2020年8月,粤BH218W,01有排行有提醒,31,0,0,0,0
2020年8月,粤S45B27,01有排行有提醒,31,0,0,0,1146.38
2020年8月,粤LBY602,01有排行有提醒,31,0,0,0,372.31
2020年8月,皖AT0626,01有排行有提醒,31,0,0,0,1541.63
2020年8月,粤B048RX,01有排行有提醒,0,0,0,0,0
2020年8月,粤L39ES3,01有排行有提醒,31,0,0,0,388.43
2020年8月,粤B2K335,01有排行有提醒,31,0,0,0,253.89
2020年9月,皖AT0568,01有排行有提醒,0,30,1642.91,3703.12,0
2020年9月,皖AT0628,01有排行有提醒,0,30,1352.54,3048.63,0
2020年9月,皖AT0553,01有排行有提醒,0,30,1178.48,2656.29,0
2020年9月,皖AT0665,01有排行有提醒,0,30,1406.33,3169.87,0
2020年9月,皖AT0650,01有排行有提醒,0,30,972.1,2191.11,0
2020年9月,皖AT0599,01有排行有提醒,0,30,835.48,1883.17,0
2020年9月,皖AT0642,01有排行有提醒,3,27,224,504.9,56.1
2020年9月,粤BT2220,01有排行有提醒,6,24,326.64,736.25,184.06
2020年9月,皖AT0609,01有排行有提醒,0,0,0,0,0
2020年9月,皖AT0547,01有排行有提醒,30,0,0,0,3489.3
2020年9月,皖AT0619,01有排行有提醒,30,0,0,0,1093.5
2020年9月,皖AT0600,01有排行有提醒,30,0,0,0,3969.6
2020年9月,粤BH218W,01有排行有提醒,30,0,0,0,0
2020年9月,粤S45B27,01有排行有提醒,30,0,0,0,1109.4
2020年9月,粤LBY602,01有排行有提醒,30,0,0,0,360.3
2020年9月,皖AT0626,01有排行有提醒,30,0,0,0,1491.9
2020年9月,粤L39ES3,01有排行有提醒,30,0,0,0,375.9
2020年9月,粤B2K335,01有排行有提醒,30,0,0,0,245.7
2020年9月,粤B3R80W,01有排行有提醒,30,0,0,0,180.3
2020年9月,粤B048RX,01有排行有提醒,0,0,0,0,0
2019年7月,粤B3Q03K,02有排行无提醒,0,7,65.81,148.34,0
2019年7月,闽C88DN2,02有排行无提醒,0,2,2.03,4.58,0
2019年8月,粤B3Q03K,02有排行无提醒,0,31,416.96,939.83,0
2019年8月,闽C88DN2,02有排行无提醒,0,31,52.21,117.68,0
2019年8月,粤JCL629,02有排行无提醒,8,15,85.55,192.83,102.84
2019年8月,粤B9XN26,02有排行无提醒,0,10,109.43,246.66,0
2019年8月,粤BN8G52,02有排行无提醒,0,10,11.98,27,0
2019年8月,粤B7U0H5,02有排行无提醒,2,9,23.5,52.97,11.77
2019年9月,粤B3Q03K,02有排行无提醒,1,29,408.94,921.75,31.78
2019年9月,粤BN8G52,02有排行无提醒,0,15,49.95,112.59,0
2019年9月,粤JCL629,02有排行无提醒,14,16,96.35,217.17,190.03
2019年9月,粤B9XN26,02有排行无提醒,4,26,252.08,568.19,87.41
2019年9月,闽C88DN2,02有排行无提醒,0,30,43.97,99.11,0
2019年9月,粤B7U0H5,02有排行无提醒,3,27,43.02,96.97,10.77
2019年10月,粤B3Q03K,02有排行无提醒,0,31,355.81,802,0
2019年10月,粤B7U0H5,02有排行无提醒,6,25,40.11,90.41,21.7
2019年10月,闽C88DN2,02有排行无提醒,28,3,4.98,11.22,104.77
2019年10月,粤BN8G52,02有排行无提醒,0,0,0,0,0
2019年10月,粤JCL629,02有排行无提醒,15,16,119.63,269.65,252.79
2019年10月,粤B9XN26,02有排行无提醒,7,24,210.09,473.54,138.12
2019年10月,皖AYY059,02有排行无提醒,4,4,13.79,31.08,31.08
2019年11月,皖AT0540,04无排行无提醒,0,30,1307.13,2946.27,0
2019年11月,皖AT0626,01有排行有提醒,5,25,491.69,1108.27,221.65
2019年11月,粤B0Y92H,04无排行无提醒,13,17,162.49,366.25,280.08
2019年11月,粤B3Q03K,02有排行无提醒,1,29,407.74,919.05,31.69
2019年11月,粤L39ES3,01有排行有提醒,0,26,224.94,507.01,0
2019年11月,粤JCL629,02有排行无提醒,18,12,59.95,135.13,202.69
2019年11月,粤BT2220,01有排行有提醒,0,30,413,930.9,0
2019年11月,粤B9XN26,02有排行无提醒,5,25,246.46,555.52,111.1
2019年11月,粤B2X562,03无排行有提醒,1,29,72.87,164.25,5.66
2019年11月,粤B3R80W,01有排行有提醒,2,28,94.71,213.48,15.25
2019年11月,粤B892VK,03无排行有提醒,28,2,2.92,6.58,92.14
2019年11月,粤B2K335,01有排行有提醒,0,30,94.27,212.48,0
2019年11月,粤B7U0H5,02有排行无提醒,26,4,5.01,11.29,73.4
2019年11月,粤STC809,03无排行有提醒,0,30,395.89,892.34,0
2019年11月,粤PR5795,04无排行无提醒,8,22,38.71,87.25,31.73
2019年11月,粤STB959,04无排行无提醒,16,14,31.08,70.05,80.06
2019年11月,粤BN8G52,02有排行无提醒,0,0,0,0,0
2019年11月,粤BP439V,04无排行无提醒,7,23,98.71,222.49,67.72
2019年11月,皖AYY059,02有排行无提醒,30,0,0,0,236.4
2019年11月,渝D865V3,03无排行有提醒,30,0,0,0,303.6
2019年11月,粤TEST01,03无排行有提醒,0,0,0,0,0
2019年11月,粤B83CT2,04无排行无提醒,29,1,1.13,2.55,73.86
2019年11月,粤B4C0S6,04无排行无提醒,30,0,0,0,564.3
2019年11月,粤BY1047,03无排行有提醒,30,0,0,0,81
2019年11月,粤LBY602,01有排行有提醒,30,0,0,0,360.3
2019年11月,粤B3AU48,03无排行有提醒,30,0,0,0,111.3
2019年11月,闽C88DN2,02有排行无提醒,30,0,0,0,105.3
2019年11月,粤S45B27,01有排行有提醒,30,0,0,0,1109.4
2019年11月,粤B533CJ,03无排行有提醒,30,0,0,0,148.2
2019年11月,粤B3RC91,04无排行无提醒,30,0,0,0,251.1
2019年11月,粤BH218W,01有排行有提醒,30,0,0,0,0
2019年11月,粤S09158,04无排行无提醒,30,0,0,0,299.7
2019年11月,粤B048RX,01有排行有提醒,0,0,0,0,0
2019年11月,粤BS207S,03无排行有提醒,0,9,27.6,62.21,0
2019年11月,皖AT0553,01有排行有提醒,0,24,841.25,1896.18,0
2019年11月,皖AT0576,02有排行无提醒,0,23,919.03,2071.49,0
2019年11月,粤SL3H57,02有排行无提醒,19,4,7.99,18.01,85.54
2019年11月,粤BL05M1,02有排行无提醒,5,1,1.97,4.44,22.2
2019年11月,皖AT0575,02有排行无提醒,0,3,111.66,251.68,0
2019年11月,皖AT0601,02有排行无提醒,0,3,158.83,358,0
2019年11月,皖AT0623,04无排行无提醒,0,3,110.16,248.3,0
2019年11月,皖AT0658,04无排行无提醒,0,3,91.38,205.97,0
2019年11月,皖AT0560,04无排行无提醒,0,3,167.59,377.75,0
2019年11月,皖AT0549,03无排行有提醒,0,3,179.29,404.12,0
2019年11月,皖AT0580,02有排行无提醒,0,3,64.11,144.5,0
2019年11月,皖AT0579,03无排行有提醒,0,3,95.54,215.35,0
2019年11月,皖AT0547,01有排行有提醒,0,3,154.43,348.09,0
2019年11月,皖AT0541,02有排行无提醒,0,3,174.5,393.32,0
2019年11月,皖AT0621,03无排行有提醒,0,3,139.57,314.59,0
2019年11月,皖AT0657,02有排行无提醒,0,3,155.49,350.47,0
2019年11月,皖AT0631,03无排行有提醒,0,3,126.51,285.15,0
2019年11月,皖AT0589,03无排行有提醒,0,3,97.43,219.61,0
2019年11月,皖AT0650,01有排行有提醒,0,3,142.51,321.22,0
2019年11月,皖AT0632,03无排行有提醒,0,3,165.72,373.53,0
2019年11月,皖AT0563,03无排行有提醒,0,2,23.57,53.13,0
2019年11月,皖AT0641,02有排行无提醒,0,3,97.56,219.9,0
2019年11月,皖AT0596,03无排行有提醒,0,3,120.54,271.7,0
2019年11月,皖AT0642,01有排行有提醒,0,2,67.03,151.09,0
2019年11月,皖AT0633,03无排行有提醒,0,3,134.8,303.84,0
2019年11月,皖AT0565,04无排行无提醒,0,3,124.88,281.48,0
2019年11月,皖AT0665,01有排行有提醒,0,3,102.68,231.44,0
2019年11月,皖AT0613,02有排行无提醒,0,3,121.39,273.61,0
2019年11月,皖AT0599,01有排行有提醒,0,3,92.58,208.68,0
2019年11月,皖AT0591,03无排行有提醒,0,3,144.26,325.16,0
2019年11月,皖AT0666,04无排行无提醒,0,3,93.85,211.54,0
2019年11月,皖AT0568,01有排行有提醒,0,3,55.33,124.71,0
2019年11月,皖AT0608,04无排行无提醒,0,2,56.25,126.79,0
2019年11月,皖AT0661,04无排行无提醒,0,3,91.51,206.26,0
2019年11月,皖AT0600,01有排行有提醒,0,3,126.23,284.52,0
2019年11月,皖AT0539,03无排行有提醒,0,3,132.05,297.64,0
2019年11月,皖AT0543,02有排行无提醒,2,1,14.79,33.34,66.67
2019年11月,皖AT0628,01有排行有提醒,0,3,98.52,222.06,0
2019年11月,皖AT0620,02有排行无提醒,0,3,60.18,135.65,0
2019年11月,皖AT0616,04无排行无提醒,0,3,86.75,195.53,0
2019年11月,皖AT0556,04无排行无提醒,0,1,5.29,11.92,0
2019年11月,皖AT0609,01有排行有提醒,0,1,0.94,2.12,0
2019年11月,1.22E+16,02有排行无提醒,2,1,0.82,1.85,3.7
2019年11月,1.22E+16,03无排行有提醒,2,1,0.26,0.59,1.17
2019年11月,皖AT0619,01有排行有提醒,0,2,22.39,50.47,0
2019年12月,皖AT0580,02有排行无提醒,0,31,624.08,1406.68,0
2019年12月,皖AT0541,02有排行无提醒,0,31,2030.29,4576.27,0
2019年12月,皖AT0657,02有排行无提醒,0,31,1743.53,3929.92,0
2019年12月,皖AT0576,02有排行无提醒,0,31,1747.35,3938.53,0
2019年12月,皖AT0601,02有排行无提醒,0,31,1672.08,3768.87,0
2019年12月,皖AT0641,02有排行无提醒,0,7,274.15,617.93,0
2019年12月,皖AT0613,02有排行无提醒,0,31,1304.93,2941.31,0
2019年12月,皖AT0575,02有排行无提醒,0,31,1571.63,3542.45,0
2019年12月,皖AT0620,02有排行无提醒,0,31,944.94,2129.89,0
2019年12月,粤B9XN26,02有排行无提醒,2,29,236.18,532.35,36.71
2019年12月,粤B3Q03K,02有排行无提醒,2,29,407.71,918.98,63.38
2019年12月,闽C88DN2,02有排行无提醒,31,0,0,0,108.81
2019年12月,1.22E+16,02有排行无提醒,31,0,0,0,57.35
2019年12月,皖AYY059,02有排行无提醒,31,0,0,0,244.28
2019年12月,粤B7U0H5,02有排行无提醒,31,0,0,0,120.59
2019年12月,粤BN8G52,02有排行无提醒,0,0,0,0,0
2019年12月,粤BL05M1,02有排行无提醒,8,23,43.03,96.99,33.74
2019年12月,粤JCL629,02有排行无提醒,19,12,62.12,140.02,221.7
2019年12月,皖AT0543,02有排行无提醒,31,0,0,0,1033.54
2019年12月,粤SL3H57,02有排行无提醒,31,0,0,0,139.5
2020年1月,皖AT0576,02有排行无提醒,1,30,1184.12,2669.01,88.97
2020年1月,皖AT0541,02有排行无提醒,0,31,1998.67,4505,0
2020年1月,皖AT0580,02有排行无提醒,0,31,384.46,866.57,0
2020年1月,粤B3Q03K,02有排行无提醒,3,28,323.47,729.1,78.12
2020年1月,皖AT0657,02有排行无提醒,0,31,1576.78,3554.06,0
2020年1月,皖AT0601,02有排行无提醒,4,27,1098.68,2476.42,366.88
2020年1月,皖AT0575,02有排行无提醒,6,25,1074.25,2421.36,581.13
2020年1月,皖AT0613,02有排行无提醒,3,28,866.68,1953.5,209.3
2020年1月,皖AT0620,02有排行无提醒,2,29,684.71,1543.34,106.44
2020年1月,粤JCL629,02有排行无提醒,8,23,158.47,357.19,124.24
2020年1月,皖AT0641,02有排行无提醒,0,0,0,0,0
2020年1月,皖AT0543,02有排行无提醒,31,0,0,0,1033.54
2020年1月,1.22E+16,02有排行无提醒,31,0,0,0,57.35
2020年1月,皖AYY059,02有排行无提醒,31,0,0,0,244.28
2020年1月,粤B9XN26,02有排行无提醒,17,14,140.76,317.27,385.26
2020年1月,闽C88DN2,02有排行无提醒,31,0,0,0,108.81
2020年1月,粤SL3H57,02有排行无提醒,31,0,0,0,139.5
2020年1月,粤BL05M1,02有排行无提醒,7,24,146.99,331.32,96.63
2020年1月,粤B7U0H5,02有排行无提醒,31,0,0,0,120.59
2020年1月,粤BN8G52,02有排行无提醒,0,0,0,0,0
2020年2月,皖AT0541,02有排行无提醒,1,28,628.5,1416.64,50.59
2020年2月,皖AT0580,02有排行无提醒,1,28,146.95,331.23,11.83
2020年2月,粤BL05M1,02有排行无提醒,19,10,111.03,250.26,475.5
2020年2月,皖AT0613,02有排行无提醒,19,10,35.04,78.98,150.06
2020年2月,粤JCL629,02有排行无提醒,18,11,16.28,36.7,60.05
2020年2月,皖AT0576,02有排行无提醒,23,6,2.01,4.53,17.37
2020年2月,皖AT0620,02有排行无提醒,19,10,53.37,120.3,228.56
2020年2月,皖AT0601,02有排行无提醒,20,9,167.37,377.25,838.34
2020年2月,皖AT0657,02有排行无提醒,1,28,608.93,1372.53,49.02
2020年2月,皖AT0641,02有排行无提醒,0,0,0,0,0
2020年2月,皖AT0575,02有排行无提醒,21,8,131.8,297.08,779.83
2020年2月,皖AT0543,02有排行无提醒,29,0,0,0,966.86
2020年2月,闽C88DN2,02有排行无提醒,29,0,0,0,101.79
2020年2月,粤B3Q03K,02有排行无提醒,7,20,45.71,103.03,36.06
2020年2月,1.22E+16,02有排行无提醒,29,0,0,0,53.65
2020年2月,皖AYY059,02有排行无提醒,29,0,0,0,228.52
2020年2月,粤B9XN26,02有排行无提醒,28,1,5.48,12.35,345.85
2020年2月,粤SL3H57,02有排行无提醒,29,0,0,0,130.5
2020年2月,粤B7U0H5,02有排行无提醒,29,0,0,0,112.81
2020年2月,粤BN8G52,02有排行无提醒,0,0,0,0,0
2020年3月,皖AT0575,02有排行无提醒,3,28,917.16,2067.28,221.49
2020年3月,皖AT0601,02有排行无提醒,10,21,576.58,1299.61,618.86
2020年3月,皖AT0657,02有排行无提醒,0,31,1370.64,3089.42,0
2020年3月,皖AT0541,02有排行无提醒,0,31,1221.15,2752.47,0
2020年3月,皖AT0580,02有排行无提醒,0,31,154.32,347.84,0
2020年3月,皖AT0576,02有排行无提醒,5,26,717.58,1617.43,311.04
2020年3月,粤B3Q03K,02有排行无提醒,1,30,110.12,248.21,8.27
2020年3月,粤BL05M1,02有排行无提醒,23,8,73.31,165.24,475.07
2020年3月,皖AT0613,02有排行无提醒,15,16,397.64,896.28,840.26
2020年3月,皖AT0620,02有排行无提醒,2,29,576.39,1299.18,89.6
2020年3月,皖AT0641,02有排行无提醒,0,0,0,0,0
2020年3月,皖AT0543,02有排行无提醒,31,0,0,0,1033.54
2020年3月,粤JCL629,02有排行无提醒,5,26,30.14,67.94,13.06
2020年3月,1.22E+16,02有排行无提醒,31,0,0,0,57.35
2020年3月,皖AYY059,02有排行无提醒,31,0,0,0,244.28
2020年3月,粤B9XN26,02有排行无提醒,5,26,213.79,481.88,92.67
2020年3月,闽C88DN2,02有排行无提醒,31,0,0,0,108.81
2020年3月,粤SL3H57,02有排行无提醒,31,0,0,0,139.5
2020年3月,粤B7U0H5,02有排行无提醒,31,0,0,0,120.59
2020年3月,粤BN8G52,02有排行无提醒,0,0,0,0,0
2020年4月,皖AT0541,02有排行无提醒,0,30,1594.83,3594.75,0
2020年4月,皖AT0575,02有排行无提醒,6,24,1268.97,2860.26,715.06
2020年4月,皖AT0601,02有排行无提醒,0,30,1077.42,2428.5,0
2020年4月,皖AT0576,02有排行无提醒,0,30,1092.75,2463.06,0
2020年4月,皖AT0580,02有排行无提醒,7,23,265.99,599.54,182.47
2020年4月,皖AT0620,02有排行无提醒,0,30,787.33,1774.64,0
2020年4月,皖AT0657,02有排行无提醒,0,30,1138.86,2566.99,0
2020年4月,粤B3Q03K,02有排行无提醒,0,30,92.43,208.34,0
2020年4月,粤JCL629,02有排行无提醒,6,24,30.18,68.03,17.01
2020年4月,皖AT0641,02有排行无提醒,0,0,0,0,0
2020年4月,粤BN8G52,02有排行无提醒,0,0,0,0,0
2020年4月,皖AYY059,02有排行无提醒,30,0,0,0,236.4
2020年4月,1.22E+16,02有排行无提醒,30,0,0,0,55.5
2020年4月,闽C88DN2,02有排行无提醒,30,0,0,0,105.3
2020年4月,皖AT0543,02有排行无提醒,30,0,0,0,1000.2
2020年4月,粤B9XN26,02有排行无提醒,7,23,259.26,584.37,177.85
2020年4月,粤SL3H57,02有排行无提醒,30,0,0,0,135
2020年4月,粤B7U0H5,02有排行无提醒,30,0,0,0,116.7
2020年4月,皖AT0613,02有排行无提醒,30,0,0,0,2387.1
2020年4月,粤BL05M1,02有排行无提醒,17,13,33.8,76.19,99.63
2020年5月,皖AT0601,02有排行无提醒,0,31,1247.22,2811.23,0
2020年5月,皖AT0541,02有排行无提醒,0,31,1854.03,4178.98,0
2020年5月,皖AT0657,02有排行无提醒,0,31,1230.5,2773.55,0
2020年5月,皖AT0576,02有排行无提醒,1,30,1034.1,2330.86,77.7
2020年5月,皖AT0620,02有排行无提醒,0,31,1002.63,2259.93,0
2020年5月,粤B9XN26,02有排行无提醒,5,26,283.74,639.55,122.99
2020年5月,粤B3Q03K,02有排行无提醒,1,30,101.15,227.99,7.6
2020年5月,皖AYY059,02有排行无提醒,31,0,0,0,244.28
2020年5月,粤JCL629,02有排行无提醒,18,13,23.48,52.92,73.28
2020年5月,皖AT0641,02有排行无提醒,0,0,0,0,0
2020年5月,皖AT0575,02有排行无提醒,31,0,0,0,3261.51
2020年5月,1.22E+16,02有排行无提醒,31,0,0,0,57.35
2020年5月,闽C88DN2,02有排行无提醒,31,0,0,0,108.81
2020年5月,皖AT0580,02有排行无提醒,31,0,0,0,787.09
2020年5月,粤SL3H57,02有排行无提醒,31,0,0,0,139.5
2020年5月,粤BL05M1,02有排行无提醒,16,15,96.39,217.26,231.75
2020年5月,粤B7U0H5,02有排行无提醒,31,0,0,0,120.59
2020年5月,粤BN8G52,02有排行无提醒,0,0,0,0,0
2020年5月,皖AT0613,02有排行无提醒,14,17,674.72,1520.82,1252.44
2020年5月,皖AT0543,02有排行无提醒,31,0,0,0,1033.54
2020年6月,皖AT0601,02有排行无提醒,0,30,1222.4,2755.29,0
2020年6月,皖AT0541,02有排行无提醒,0,30,1193.62,2690.42,0
2020年6月,皖AT0576,02有排行无提醒,15,15,564.06,1271.39,1271.39
2020年6月,皖AT0657,02有排行无提醒,0,30,1100.49,2480.5,0
2020年6月,皖AT0620,02有排行无提醒,0,30,1119.33,2522.97,0
2020年6月,粤B9XN26,02有排行无提醒,3,27,306.88,691.71,76.86
2020年6月,粤JCL629,02有排行无提醒,7,23,47.47,107,32.56
2020年6月,粤B3Q03K,02有排行无提醒,0,30,117.29,264.37,0
2020年6月,粤BL05M1,02有排行无提醒,26,4,10.26,23.13,150.32
2020年6月,1.22E+16,02有排行无提醒,30,0,0,0,55.5
2020年6月,皖AT0575,02有排行无提醒,30,0,0,0,3156.3
2020年6月,皖AT0641,02有排行无提醒,0,0,0,0,0
2020年6月,皖AT0580,02有排行无提醒,30,0,0,0,761.7
2020年6月,皖AYY059,02有排行无提醒,30,0,0,0,236.4
2020年6月,皖AT0613,02有排行无提醒,1,29,1137.56,2564.06,88.42
2020年6月,闽C88DN2,02有排行无提醒,30,0,0,0,105.3
2020年6月,粤SL3H57,02有排行无提醒,30,0,0,0,135
2020年6月,粤B7U0H5,02有排行无提醒,30,0,0,0,116.7
2020年6月,皖AT0543,02有排行无提醒,30,0,0,0,1000.2
2020年6月,粤BN8G52,02有排行无提醒,0,0,0,0,0
2020年7月,皖AT0657,02有排行无提醒,0,15,617.32,1391.44,0
2020年7月,皖AT0613,02有排行无提醒,0,15,631.9,1424.3,0
2020年7月,皖AT0541,02有排行无提醒,0,15,625.97,1410.94,0
2020年7月,皖AT0620,02有排行无提醒,0,15,524.23,1181.61,0
2020年7月,皖AT0601,02有排行无提醒,0,15,627.24,1413.8,0
2020年7月,粤B9XN26,02有排行无提醒,2,13,140.06,315.7,48.57
2020年7月,粤JCL629,02有排行无提醒,4,11,25.59,57.68,20.97
2020年7月,粤BL05M1,02有排行无提醒,2,13,29.74,67.03,10.31
2020年7月,皖AT0580,02有排行无提醒,15,0,0,0,380.85
2020年7月,闽C88DN2,02有排行无提醒,15,0,0,0,52.65
2020年7月,皖AT0575,02有排行无提醒,15,0,0,0,1578.15
2020年7月,皖AT0641,02有排行无提醒,0,0,0,0,0
2020年7月,粤B3Q03K,02有排行无提醒,15,0,0,0,295.95
2020年7月,1.22E+16,02有排行无提醒,15,0,0,0,27.75
2020年7月,皖AYY059,02有排行无提醒,15,0,0,0,118.2
2020年7月,皖AT0543,02有排行无提醒,15,0,0,0,500.1
2020年7月,皖AT0576,02有排行无提醒,15,0,0,0,1302
2020年7月,粤SL3H57,02有排行无提醒,15,0,0,0,67.5
2020年7月,粤B7U0H5,02有排行无提醒,15,0,0,0,58.35
2020年7月,粤BN8G52,02有排行无提醒,0,0,0,0,0
2020年8月,皖AT0657,02有排行无提醒,23,8,434.7,979.81,2816.96
2020年8月,皖AT0601,02有排行无提醒,0,31,1564.82,3527.1,0
2020年8月,皖AT0620,02有排行无提醒,0,31,880.25,1984.08,0
2020年8月,皖AT0613,02有排行无提醒,0,31,980.36,2209.73,0
2020年8月,皖AT0541,02有排行无提醒,0,31,1360.72,3067.06,0
2020年8月,粤BL05M1,02有排行无提醒,9,21,88.35,199.14,85.35
2020年8月,闽C88DN2,02有排行无提醒,31,0,0,0,108.81
2020年8月,皖AT0580,02有排行无提醒,31,0,0,0,787.09
2020年8月,皖AT0641,02有排行无提醒,0,0,0,0,0
2020年8月,皖AT0575,02有排行无提醒,31,0,0,0,3261.51
2020年8月,粤JCL629,02有排行无提醒,31,0,0,0,254.51
2020年8月,粤B3Q03K,02有排行无提醒,31,0,0,0,611.63
2020年8月,皖AYY059,02有排行无提醒,31,0,0,0,244.28
2020年8月,粤B9XN26,02有排行无提醒,31,0,0,0,681.38
2020年8月,皖AT0543,02有排行无提醒,31,0,0,0,1033.54
2020年8月,皖AT0576,02有排行无提醒,31,0,0,0,2690.8
2020年8月,粤SL3H57,02有排行无提醒,31,0,0,0,139.5
2020年8月,粤B7U0H5,02有排行无提醒,31,0,0,0,120.59
2020年8月,粤BN8G52,02有排行无提醒,0,0,0,0,0
2020年9月,皖AT0601,02有排行无提醒,8,22,879.55,1982.51,720.91
2020年9月,皖AT0613,02有排行无提醒,0,30,887.13,1999.59,0
2020年9月,皖AT0541,02有排行无提醒,7,23,866.94,1954.08,594.72
2020年9月,皖AT0620,02有排行无提醒,3,27,624.99,1408.73,156.53
2020年9月,粤BL05M1,02有排行无提醒,12,18,78.43,176.78,117.85
2020年9月,皖AT0641,02有排行无提醒,0,0,0,0,0
2020年9月,皖AT0580,02有排行无提醒,30,0,0,0,761.7
2020年9月,皖AT0657,02有排行无提醒,30,0,0,0,2942.7
2020年9月,皖AT0575,02有排行无提醒,30,0,0,0,3156.3
2020年9月,皖AT0543,02有排行无提醒,30,0,0,0,1000.2
2020年9月,粤JCL629,02有排行无提醒,30,0,0,0,246.3
2020年9月,闽C88DN2,02有排行无提醒,30,0,0,0,105.3
2020年9月,粤B3Q03K,02有排行无提醒,30,0,0,0,591.9
2020年9月,皖AYY059,02有排行无提醒,30,0,0,0,236.4
2020年9月,粤B9XN26,02有排行无提醒,30,0,0,0,659.4
2020年9月,皖AT0576,02有排行无提醒,30,0,0,0,2604
2020年9月,粤SL3H57,02有排行无提醒,30,0,0,0,135
2020年9月,粤B7U0H5,02有排行无提醒,30,0,0,0,116.7
2020年9月,粤BN8G52,02有排行无提醒,0,0,0,0,0
2019年8月,粤B3AU48,03无排行有提醒,14,13,43.5,98.05,105.59
2019年8月,粤B533CJ,03无排行有提醒,9,15,32.88,74.11,44.47
2019年8月,粤B2X562,03无排行有提醒,2,21,68.74,154.94,14.76
2019年8月,粤BY1047,03无排行有提醒,16,1,1.2,2.7,43.28
2019年8月,粤STC809,03无排行有提醒,2,14,160.78,362.4,51.77
2019年8月,渝D865V3,03无排行有提醒,0,11,46.09,103.89,0
2019年9月,渝D865V3,03无排行有提醒,0,30,140.31,316.26,0
2019年9月,粤STC809,03无排行有提醒,16,14,78.78,177.57,202.94
2019年9月,粤B2X562,03无排行有提醒,2,27,120.69,272.04,20.15
2019年9月,粤BY1047,03无排行有提醒,30,0,0,0,81
2019年9月,粤B3AU48,03无排行有提醒,5,25,30.16,67.98,13.6
2019年9月,粤B533CJ,03无排行有提醒,30,0,0,0,148.2
2019年9月,粤B892VK,03无排行有提醒,0,21,68.02,153.32,0
2019年9月,粤BS207S,03无排行有提醒,0,2,3.32,7.48,0
2019年10月,粤BS207S,03无排行有提醒,0,13,99.04,223.24,0
2019年10月,渝D865V3,03无排行有提醒,4,27,119.02,268.27,39.74
2019年10月,粤B892VK,03无排行有提醒,0,31,73.61,165.92,0
2019年10月,粤B2X562,03无排行有提醒,7,24,58.35,131.52,38.36
2019年10月,粤STC809,03无排行有提醒,3,28,341.34,769.38,82.43
2019年10月,粤BY1047,03无排行有提醒,31,0,0,0,83.7
2019年10月,粤B3AU48,03无排行有提醒,22,8,3.63,8.18,22.5
2019年10月,粤B533CJ,03无排行有提醒,31,0,0,0,153.14
2019年11月,粤B2X562,03无排行有提醒,1,29,72.87,164.25,5.66
2019年11月,粤B892VK,03无排行有提醒,28,2,2.92,6.58,92.14
2019年11月,粤STC809,03无排行有提醒,0,30,395.89,892.34,0
2019年11月,渝D865V3,03无排行有提醒,30,0,0,0,303.6
2019年11月,粤BY1047,03无排行有提醒,30,0,0,0,81
2019年11月,粤B3AU48,03无排行有提醒,30,0,0,0,111.3
2019年11月,粤B533CJ,03无排行有提醒,30,0,0,0,148.2
2019年11月,粤BS207S,03无排行有提醒,0,9,27.6,62.21,0
2019年11月,皖AT0549,03无排行有提醒,0,3,179.29,404.12,0
2019年11月,皖AT0579,03无排行有提醒,0,3,95.54,215.35,0
2019年11月,皖AT0621,03无排行有提醒,0,3,139.57,314.59,0
2019年11月,皖AT0631,03无排行有提醒,0,3,126.51,285.15,0
2019年11月,皖AT0589,03无排行有提醒,0,3,97.43,219.61,0
2019年11月,皖AT0632,03无排行有提醒,0,3,165.72,373.53,0
2019年11月,皖AT0563,03无排行有提醒,0,2,23.57,53.13,0
2019年11月,皖AT0596,03无排行有提醒,0,3,120.54,271.7,0
2019年11月,皖AT0633,03无排行有提醒,0,3,134.8,303.84,0
2019年11月,皖AT0591,03无排行有提醒,0,3,144.26,325.16,0
2019年11月,皖AT0539,03无排行有提醒,0,3,132.05,297.64,0
2019年11月,1.22E+16,03无排行有提醒,2,1,0.26,0.59,1.17
2019年12月,皖AT0591,03无排行有提醒,0,31,1638.28,3692.68,0
2019年12月,皖AT0589,03无排行有提醒,0,31,1599.37,3604.98,0
2019年12月,皖AT0632,03无排行有提醒,8,23,1602.43,3611.88,1256.31
2019年12月,皖AT0539,03无排行有提醒,9,22,1091.25,2459.68,1006.23
2019年12月,皖AT0549,03无排行有提醒,0,31,2036.17,4589.53,0
2019年12月,皖AT0633,03无排行有提醒,0,31,1545.06,3482.57,0
2019年12月,皖AT0579,03无排行有提醒,0,31,1382.65,3116.49,0
2019年12月,皖AT0596,03无排行有提醒,0,31,1150.12,2592.37,0
2019年12月,皖AT0631,03无排行有提醒,0,30,1045.63,2356.85,0
2019年12月,皖AT0621,03无排行有提醒,0,31,1366.13,3079.26,0
2019年12月,粤STC809,03无排行有提醒,0,31,658.54,1484.35,0
2019年12月,皖AT0563,03无排行有提醒,0,28,1058.64,2386.17,0
2019年12月,粤BY1047,03无排行有提醒,31,0,0,0,83.7
2019年12月,1.22E+16,03无排行有提醒,31,0,0,0,18.29
2019年12月,粤B892VK,03无排行有提醒,31,0,0,0,187.24
2019年12月,粤B2X562,03无排行有提醒,5,26,59.17,133.37,25.65
2019年12月,渝D865V3,03无排行有提醒,31,0,0,0,313.72
2019年12月,粤B3AU48,03无排行有提醒,31,0,0,0,115.01
2019年12月,粤BS207S,03无排行有提醒,0,11,79.56,179.33,0
2019年12月,粤B533CJ,03无排行有提醒,31,0,0,0,153.14
2020年1月,皖AT0549,03无排行有提醒,3,28,1293.23,2914.94,312.32
2020年1月,皖AT0633,03无排行有提醒,24,7,308.95,696.37,2387.57
2020年1月,皖AT0589,03无排行有提醒,1,27,1013.24,2283.84,84.59
2020年1月,皖AT0591,03无排行有提醒,5,26,1297.08,2923.62,562.23
2020年1月,皖AT0621,03无排行有提醒,6,25,877.42,1977.7,474.65
2020年1月,皖AT0579,03无排行有提醒,6,25,1071.29,2414.69,579.53
2020年1月,皖AT0596,03无排行有提醒,2,29,1020.69,2300.64,158.66
2020年1月,皖AT0631,03无排行有提醒,1,30,855.13,1927.46,64.25
2020年1月,皖AT0563,03无排行有提醒,7,24,987.23,2225.22,649.02
2020年1月,粤BS207S,03无排行有提醒,6,17,60.49,136.34,48.12
2020年1月,粤STC809,03无排行有提醒,13,18,413.16,931.26,672.58
2020年1月,皖AT0632,03无排行有提醒,31,0,0,0,4376.89
2020年1月,皖AT0539,03无排行有提醒,31,0,0,0,3421.47
2020年1月,渝D865V3,03无排行有提醒,31,0,0,0,313.72
2020年1月,粤B2X562,03无排行有提醒,31,0,0,0,207.39
2020年1月,粤B533CJ,03无排行有提醒,31,0,0,0,153.14
2020年1月,粤B3AU48,03无排行有提醒,31,0,0,0,115.01
2020年1月,1.22E+16,03无排行有提醒,31,0,0,0,18.29
2020年1月,粤B892VK,03无排行有提醒,31,0,0,0,187.24
2020年1月,粤BY1047,03无排行有提醒,31,0,0,0,83.7
2020年2月,皖AT0621,03无排行有提醒,26,3,10.48,23.62,204.72
2020年2月,皖AT0589,03无排行有提醒,21,8,86.92,195.92,514.28
2020年2月,粤BS207S,03无排行有提醒,21,8,5.88,13.25,34.79
2020年2月,皖AT0591,03无排行有提醒,8,21,428.87,966.67,368.26
2020年2月,皖AT0549,03无排行有提醒,13,15,263.72,594.42,515.17
2020年2月,皖AT0579,03无排行有提醒,13,16,214.12,482.63,392.13
2020年2月,皖AT0539,03无排行有提醒,29,0,0,0,3200.73
2020年2月,皖AT0632,03无排行有提醒,29,0,0,0,4094.51
2020年2月,皖AT0631,03无排行有提醒,25,4,22.64,51.03,318.94
2020年2月,皖AT0596,03无排行有提醒,16,13,105.69,238.23,293.2
2020年2月,皖AT0563,03无排行有提醒,28,1,0.61,1.37,38.5
2020年2月,粤B2X562,03无排行有提醒,29,0,0,0,194.01
2020年2月,粤B533CJ,03无排行有提醒,29,0,0,0,143.26
2020年2月,粤B3AU48,03无排行有提醒,29,0,0,0,107.59
2020年2月,1.22E+16,03无排行有提醒,29,0,0,0,17.11
2020年2月,皖AT0633,03无排行有提醒,29,0,0,0,3211.46
2020年2月,渝D865V3,03无排行有提醒,29,0,0,0,293.48
2020年2月,粤B892VK,03无排行有提醒,29,0,0,0,175.16
2020年2月,粤STC809,03无排行有提醒,29,0,0,0,1086.05
2020年2月,粤BY1047,03无排行有提醒,29,0,0,0,78.3
2020年3月,皖AT0549,03无排行有提醒,0,31,1324.15,2984.63,0
2020年3月,皖AT0579,03无排行有提醒,0,31,679.34,1531.23,0
2020年3月,皖AT0591,03无排行有提醒,1,30,1138.96,2567.22,85.57
2020年3月,皖AT0589,03无排行有提醒,0,31,1056.22,2380.72,0
2020年3月,皖AT0596,03无排行有提醒,0,31,747.69,1685.29,0
2020年3月,渝D865V3,03无排行有提醒,31,0,0,0,313.72
2020年3月,皖AT0632,03无排行有提醒,18,13,681.21,1535.45,2126
2020年3月,皖AT0631,03无排行有提醒,4,27,472.42,1064.83,157.75
2020年3月,皖AT0539,03无排行有提醒,31,0,0,0,3421.47
2020年3月,皖AT0621,03无排行有提醒,17,14,187.97,423.68,514.47
2020年3月,皖AT0563,03无排行有提醒,11,20,450.99,1016.53,559.09
2020年3月,粤B2X562,03无排行有提醒,31,0,0,0,207.39
2020年3月,粤B533CJ,03无排行有提醒,31,0,0,0,153.14
2020年3月,粤B3AU48,03无排行有提醒,31,0,0,0,115.01
2020年3月,1.22E+16,03无排行有提醒,31,0,0,0,18.29
2020年3月,皖AT0633,03无排行有提醒,31,0,0,0,3432.94
2020年3月,粤BS207S,03无排行有提醒,31,0,0,0,315.89
2020年3月,粤B892VK,03无排行有提醒,31,0,0,0,187.24
2020年3月,粤STC809,03无排行有提醒,7,24,258.41,582.46,169.88
2020年3月,粤BY1047,03无排行有提醒,31,0,0,0,83.7
2020年4月,皖AT0589,03无排行有提醒,0,30,1038.28,2340.28,0
2020年4月,皖AT0549,03无排行有提醒,0,30,1633.67,3682.29,0
2020年4月,皖AT0591,03无排行有提醒,0,30,1524.58,3436.4,0
2020年4月,皖AT0632,03无排行有提醒,5,25,1400.04,3155.69,631.14
2020年4月,皖AT0621,03无排行有提醒,2,28,800.39,1804.08,128.86
2020年4月,皖AT0631,03无排行有提醒,0,30,842.22,1898.36,0
2020年4月,皖AT0579,03无排行有提醒,0,30,1201.69,2708.61,0
2020年4月,皖AT0596,03无排行有提醒,0,30,1042.66,2350.16,0
2020年4月,粤STC809,03无排行有提醒,0,30,455.82,1027.42,0
2020年4月,1.22E+16,03无排行有提醒,30,0,0,0,17.7
2020年4月,粤B3AU48,03无排行有提醒,30,0,0,0,111.3
2020年4月,粤BY1047,03无排行有提醒,30,0,0,0,81
2020年4月,皖AT0563,03无排行有提醒,4,26,789.33,1779.15,273.72
2020年4月,粤B2X562,03无排行有提醒,30,0,0,0,200.7
2020年4月,皖AT0633,03无排行有提醒,30,0,0,0,3322.2
2020年4月,粤BS207S,03无排行有提醒,30,0,0,0,305.7
2020年4月,粤B892VK,03无排行有提醒,30,0,0,0,181.2
2020年4月,皖AT0539,03无排行有提醒,30,0,0,0,3311.1
2020年4月,粤B533CJ,03无排行有提醒,30,0,0,0,148.2
2020年4月,渝D865V3,03无排行有提醒,30,0,0,0,303.6
2020年5月,皖AT0632,03无排行有提醒,0,31,2065.55,4655.75,0
2020年5月,皖AT0549,03无排行有提醒,0,31,1832.41,4130.25,0
2020年5月,皖AT0591,03无排行有提醒,0,31,1512.59,3409.38,0
2020年5月,皖AT0579,03无排行有提醒,0,31,1542.65,3477.13,0
2020年5月,皖AT0589,03无排行有提醒,2,29,875.89,1974.26,136.16
2020年5月,皖AT0631,03无排行有提醒,2,29,981.73,2212.82,152.61
2020年5月,皖AT0596,03无排行有提醒,0,31,1065.51,2401.66,0
2020年5月,皖AT0563,03无排行有提醒,1,30,740.53,1669.15,55.64
2020年5月,皖AT0621,03无排行有提醒,0,31,1166.29,2628.82,0
2020年5月,粤STC809,03无排行有提醒,0,31,642.05,1447.18,0
2020年5月,粤B3AU48,03无排行有提醒,31,0,0,0,115.01
2020年5月,1.22E+16,03无排行有提醒,31,0,0,0,18.29
2020年5月,皖AT0539,03无排行有提醒,31,0,0,0,3421.47
2020年5月,粤BS207S,03无排行有提醒,31,0,0,0,315.89
2020年5月,粤B892VK,03无排行有提醒,31,0,0,0,187.24
2020年5月,粤BY1047,03无排行有提醒,31,0,0,0,83.7
2020年5月,皖AT0633,03无排行有提醒,31,0,0,0,3432.94
2020年5月,粤B533CJ,03无排行有提醒,31,0,0,0,153.14
2020年5月,渝D865V3,03无排行有提醒,31,0,0,0,313.72
2020年5月,粤B2X562,03无排行有提醒,31,0,0,0,207.39
2020年6月,皖AT0549,03无排行有提醒,2,28,1603.92,3615.24,258.23
2020年6月,皖AT0632,03无排行有提醒,2,28,1782.75,4018.32,287.02
2020年6月,皖AT0621,03无排行有提醒,1,29,1169.67,2636.44,90.91
2020年6月,皖AT0591,03无排行有提醒,0,30,1521.18,3428.74,0
2020年6月,皖AT0631,03无排行有提醒,0,30,1010.88,2278.52,0
2020年6月,皖AT0596,03无排行有提醒,0,30,1024.9,2310.12,0
2020年6月,皖AT0579,03无排行有提醒,15,15,728.67,1642.42,1642.42
2020年6月,皖AT0563,03无排行有提醒,7,23,745.95,1681.37,511.72
2020年6月,粤STC809,03无排行有提醒,0,30,683,1539.48,0
2020年6月,1.22E+16,03无排行有提醒,30,0,0,0,17.7
2020年6月,皖AT0589,03无排行有提醒,30,0,0,0,2463.3
2020年6月,粤B2X562,03无排行有提醒,30,0,0,0,200.7
2020年6月,粤B533CJ,03无排行有提醒,30,0,0,0,148.2
2020年6月,粤BY1047,03无排行有提醒,30,0,0,0,81
2020年6月,皖AT0633,03无排行有提醒,30,0,0,0,3322.2
2020年6月,粤B3AU48,03无排行有提醒,30,0,0,0,111.3
2020年6月,粤BS207S,03无排行有提醒,30,0,0,0,305.7
2020年6月,粤B892VK,03无排行有提醒,30,0,0,0,181.2
2020年6月,皖AT0539,03无排行有提醒,30,0,0,0,3311.1
2020年6月,渝D865V3,03无排行有提醒,30,0,0,0,303.6
2020年7月,皖AT0632,03无排行有提醒,0,15,958.17,2159.72,0
2020年7月,皖AT0596,03无排行有提醒,0,15,587.7,1324.68,0
2020年7月,皖AT0591,03无排行有提醒,0,15,744.49,1678.08,0
2020年7月,皖AT0563,03无排行有提醒,1,14,475.37,1071.48,76.53
2020年7月,皖AT0631,03无排行有提醒,0,15,545.95,1230.57,0
2020年7月,皖AT0621,03无排行有提醒,0,15,652.12,1469.88,0
2020年7月,粤STC809,03无排行有提醒,0,15,306.03,689.79,0
2020年7月,皖AT0579,03无排行有提醒,15,0,0,0,1281
2020年7月,皖AT0589,03无排行有提醒,15,0,0,0,1231.65
2020年7月,渝D865V3,03无排行有提醒,15,0,0,0,151.8
2020年7月,皖AT0539,03无排行有提醒,15,0,0,0,1655.55
2020年7月,粤B2X562,03无排行有提醒,15,0,0,0,100.35
2020年7月,粤B533CJ,03无排行有提醒,15,0,0,0,74.1
2020年7月,粤B3AU48,03无排行有提醒,15,0,0,0,55.65
2020年7月,1.22E+16,03无排行有提醒,15,0,0,0,8.85
2020年7月,粤BY1047,03无排行有提醒,15,0,0,0,40.5
2020年7月,皖AT0549,03无排行有提醒,15,0,0,0,1831.2
2020年7月,皖AT0633,03无排行有提醒,15,0,0,0,1661.1
2020年7月,粤BS207S,03无排行有提醒,15,0,0,0,152.85
2020年7月,粤B892VK,03无排行有提醒,15,0,0,0,90.6
2020年8月,皖AT0596,03无排行有提醒,0,31,1386.45,3125.06,0
2020年8月,皖AT0591,03无排行有提醒,0,31,1607.49,3623.28,0
2020年8月,皖AT0631,03无排行有提醒,0,31,1113.47,2509.76,0
2020年8月,皖AT0632,03无排行有提醒,0,31,1371.28,3090.87,0
2020年8月,皖AT0621,03无排行有提醒,2,29,1497.83,3376.11,232.84
2020年8月,粤STC809,03无排行有提醒,30,1,19.89,44.83,1344.96
2020年8月,渝D865V3,03无排行有提醒,31,0,0,0,309.38
2020年8月,皖AT0579,03无排行有提醒,31,0,0,0,2647.4
2020年8月,皖AT0589,03无排行有提醒,31,0,0,0,2545.41
2020年8月,皖AT0539,03无排行有提醒,31,0,0,0,3421.47
2020年8月,皖AT0563,03无排行有提醒,2,29,819.92,1848.1,127.46
2020年8月,皖AT0549,03无排行有提醒,31,0,0,0,3784.48
2020年8月,粤B2X562,03无排行有提醒,31,0,0,0,207.39
2020年8月,粤B533CJ,03无排行有提醒,31,0,0,0,153.14
2020年8月,粤B3AU48,03无排行有提醒,31,0,0,0,115.01
2020年8月,皖AT0633,03无排行有提醒,31,0,0,0,3432.94
2020年8月,粤BS207S,03无排行有提醒,31,0,0,0,315.89
2020年8月,粤B892VK,03无排行有提醒,31,0,0,0,187.24
2020年8月,粤BY1047,03无排行有提醒,31,0,0,0,83.7
2020年9月,皖AT0621,03无排行有提醒,0,30,1398.48,3152.17,0
2020年9月,皖AT0591,03无排行有提醒,0,30,1693.72,3817.64,0
2020年9月,皖AT0631,03无排行有提醒,1,29,1055.09,2378.17,82.01
2020年9月,皖AT0596,03无排行有提醒,0,30,1229.11,2770.41,0
2020年9月,皖AT0563,03无排行有提醒,0,30,758.99,1710.76,0
2020年9月,皖AT0632,03无排行有提醒,0,30,1202.65,2710.77,0
2020年9月,皖AT0549,03无排行有提醒,30,0,0,0,3662.4
2020年9月,渝D865V3,03无排行有提醒,30,0,0,0,299.4
2020年9月,皖AT0589,03无排行有提醒,30,0,0,0,2463.3
2020年9月,皖AT0539,03无排行有提醒,30,0,0,0,3311.1
2020年9月,皖AT0579,03无排行有提醒,30,0,0,0,2562
2020年9月,皖AT0633,03无排行有提醒,30,0,0,0,3322.2
2020年9月,粤B2X562,03无排行有提醒,30,0,0,0,200.7
2020年9月,粤B533CJ,03无排行有提醒,30,0,0,0,148.2
2020年9月,粤B3AU48,03无排行有提醒,30,0,0,0,111.3
2020年9月,粤BS207S,03无排行有提醒,30,0,0,0,305.7
2020年9月,粤B892VK,03无排行有提醒,30,0,0,0,181.2
2020年9月,粤STC809,03无排行有提醒,30,0,0,0,1146
2020年9月,粤BY1047,03无排行有提醒,30,0,0,0,81
2019年8月,粤B4C0S6,04无排行无提醒,1,30,286.38,645.5,21.52
2019年8月,粤S09158,04无排行无提醒,19,4,17.73,39.96,189.83
2019年8月,粤B3RC91,04无排行无提醒,10,10,42.67,96.18,96.18
2019年8月,粤PR5795,04无排行无提醒,9,9,19.49,43.93,43.93
2019年8月,粤BP439V,04无排行无提醒,3,13,66.91,150.82,34.8
2019年8月,粤STB959,04无排行无提醒,2,10,23.71,53.44,10.69
2019年8月,粤B0Y92H,04无排行无提醒,0,9,63.39,142.88,0
2019年9月,粤B0Y92H,04无排行无提醒,3,27,218.61,492.75,54.75
2019年9月,粤B4C0S6,04无排行无提醒,20,10,47.34,106.7,213.41
2019年9月,粤STB959,04无排行无提醒,19,10,11.91,26.85,51.01
2019年9月,粤BP439V,04无排行无提醒,21,9,25.02,56.4,131.59
2019年9月,粤PR5795,04无排行无提醒,6,24,63.36,142.81,35.7
2019年9月,粤S09158,04无排行无提醒,30,0,0,0,299.7
2019年9月,粤B3RC91,04无排行无提醒,30,0,0,0,251.1
2019年9月,粤B83CT2,04无排行无提醒,19,1,1.82,4.1,77.94
2019年10月,粤STB959,04无排行无提醒,13,18,95.12,214.4,154.84
2019年10月,粤BP439V,04无排行无提醒,14,17,76.55,172.54,142.09
2019年10月,粤B0Y92H,04无排行无提醒,7,24,155.45,350.38,102.2
2019年10月,粤PR5795,04无排行无提醒,17,13,36.9,83.17,108.76
2019年10月,粤B83CT2,04无排行无提醒,31,0,0,0,102.92
2019年10月,粤B4C0S6,04无排行无提醒,31,0,0,0,583.11
2019年10月,粤B3RC91,04无排行无提醒,31,0,0,0,259.47
2019年10月,粤S09158,04无排行无提醒,31,0,0,0,309.69
2019年10月,皖AT0540,04无排行无提醒,0,8,386.77,871.78,0
2019年11月,皖AT0540,04无排行无提醒,0,30,1307.13,2946.27,0
2019年11月,粤B0Y92H,04无排行无提醒,13,17,162.49,366.25,280.08
2019年11月,粤PR5795,04无排行无提醒,8,22,38.71,87.25,31.73
2019年11月,粤STB959,04无排行无提醒,16,14,31.08,70.05,80.06
2019年11月,粤BP439V,04无排行无提醒,7,23,98.71,222.49,67.72
2019年11月,粤B83CT2,04无排行无提醒,29,1,1.13,2.55,73.86
2019年11月,粤B4C0S6,04无排行无提醒,30,0,0,0,564.3
2019年11月,粤B3RC91,04无排行无提醒,30,0,0,0,251.1
2019年11月,粤S09158,04无排行无提醒,30,0,0,0,299.7
2019年11月,皖AT0623,04无排行无提醒,0,3,110.16,248.3,0
2019年11月,皖AT0658,04无排行无提醒,0,3,91.38,205.97,0
2019年11月,皖AT0560,04无排行无提醒,0,3,167.59,377.75,0
2019年11月,皖AT0565,04无排行无提醒,0,3,124.88,281.48,0
2019年11月,皖AT0666,04无排行无提醒,0,3,93.85,211.54,0
2019年11月,皖AT0608,04无排行无提醒,0,2,56.25,126.79,0
2019年11月,皖AT0661,04无排行无提醒,0,3,91.51,206.26,0
2019年11月,皖AT0616,04无排行无提醒,0,3,86.75,195.53,0
2019年11月,皖AT0556,04无排行无提醒,0,1,5.29,11.92,0
2019年12月,皖AT0560,04无排行无提醒,0,31,2094.86,4721.81,0
2019年12月,皖AT0540,04无排行无提醒,0,31,1599.57,3605.43,0
2019年12月,皖AT0623,04无排行无提醒,0,31,1294.41,2917.6,0
2019年12月,皖AT0658,04无排行无提醒,0,31,1638.67,3693.56,0
2019年12月,皖AT0666,04无排行无提醒,0,31,1253.32,2824.98,0
2019年12月,皖AT0565,04无排行无提醒,0,31,1512.63,3409.47,0
2019年12月,皖AT0661,04无排行无提醒,0,31,1144.37,2579.41,0
2019年12月,粤BP439V,04无排行无提醒,7,24,100.44,226.39,66.03
2019年12月,粤STB959,04无排行无提醒,11,19,41.78,94.17,54.52
2019年12月,粤B0Y92H,04无排行无提醒,21,10,97.75,220.33,462.69
2019年12月,皖AT0616,04无排行无提醒,22,9,250.96,565.66,1382.73
2019年12月,粤PR5795,04无排行无提醒,18,11,18.11,40.82,66.8
2019年12月,皖AT0608,04无排行无提醒,3,28,1241.15,2797.55,299.74
2019年12月,皖AT0556,04无排行无提醒,0,0,0,0,0
2019年12月,粤S09158,04无排行无提醒,31,0,0,0,309.69
2019年12月,粤B3RC91,04无排行无提醒,31,0,0,0,259.47
2019年12月,粤B83CT2,04无排行无提醒,31,0,0,0,102.92
2019年12月,粤B4C0S6,04无排行无提醒,31,0,0,0,583.11
2020年1月,皖AT0658,04无排行无提醒,7,24,1010.84,2278.43,664.54
2020年1月,皖AT0608,04无排行无提醒,4,27,1360.06,3065.58,454.16
2020年1月,皖AT0540,04无排行无提醒,7,24,1251.68,2821.29,822.88
2020年1月,皖AT0623,04无排行无提醒,1,30,1100.48,2480.48,82.68
2020年1月,皖AT0560,04无排行无提醒,7,24,1555.03,3505.04,1022.3
2020年1月,皖AT0661,04无排行无提醒,3,28,991,2233.71,239.33
2020年1月,皖AT0565,04无排行无提醒,6,25,1177.01,2652.98,636.72
2020年1月,皖AT0666,04无排行无提醒,3,28,873.83,1969.61,211.03
2020年1月,粤STB959,04无排行无提醒,8,23,143.08,322.5,112.17
2020年1月,皖AT0616,04无排行无提醒,31,0,0,0,1972.22
2020年1月,皖AT0556,04无排行无提醒,0,0,0,0,0
2020年1月,粤B3RC91,04无排行无提醒,31,0,0,0,259.47
2020年1月,粤B4C0S6,04无排行无提醒,31,0,0,0,583.11
2020年1月,粤S09158,04无排行无提醒,31,0,0,0,309.69
2020年1月,粤B83CT2,04无排行无提醒,31,0,0,0,102.92
2020年1月,粤B0Y92H,04无排行无提醒,9,22,285.83,644.26,263.56
2020年1月,粤BP439V,04无排行无提醒,7,24,134.77,303.77,88.6
2020年1月,粤PR5795,04无排行无提醒,29,2,0.27,0.61,8.82
2020年2月,皖AT0661,04无排行无提醒,1,28,507.13,1143.07,40.82
2020年2月,皖AT0623,04无排行无提醒,9,20,445.5,1004.16,451.87
2020年2月,粤STB959,04无排行无提醒,16,13,97.44,219.63,270.31
2020年2月,皖AT0658,04无排行无提醒,3,26,703.72,1586.18,183.02
2020年2月,皖AT0560,04无排行无提醒,29,0,0,0,4365.66
2020年2月,皖AT0608,04无排行无提醒,14,15,249.47,562.31,524.82
2020年2月,皖AT0556,04无排行无提醒,0,0,0,0,0
2020年2月,皖AT0565,04无排行无提醒,25,4,29.87,67.33,420.79
2020年2月,皖AT0666,04无排行无提醒,24,5,15.74,35.48,170.29
2020年2月,皖AT0616,04无排行无提醒,29,0,0,0,1844.98
2020年2月,粤B3RC91,04无排行无提醒,29,0,0,0,242.73
2020年2月,粤B4C0S6,04无排行无提醒,29,0,0,0,545.49
2020年2月,皖AT0540,04无排行无提醒,27,2,3.09,6.96,94.03
2020年2月,粤S09158,04无排行无提醒,29,0,0,0,289.71
2020年2月,粤B83CT2,04无排行无提醒,29,0,0,0,96.28
2020年2月,粤B0Y92H,04无排行无提醒,29,0,0,0,591.6
2020年2月,粤BP439V,04无排行无提醒,16,13,69.91,157.58,193.94
2020年2月,粤PR5795,04无排行无提醒,28,1,0.02,0.05,1.26
2020年3月,皖AT0623,04无排行无提醒,0,31,1045.76,2357.14,0
2020年3月,皖AT0608,04无排行无提醒,0,31,943.73,2127.17,0
2020年3月,皖AT0658,04无排行无提醒,2,29,858.89,1935.94,133.51
2020年3月,皖AT0661,04无排行无提醒,6,25,625.63,1410.17,338.44
2020年3月,皖AT0565,04无排行无提醒,7,24,463.66,1045.09,304.82
2020年3月,粤BP439V,04无排行无提醒,8,23,133.12,300.05,104.37
2020年3月,皖AT0540,04无排行无提醒,0,31,675.52,1522.62,0
2020年3月,皖AT0616,04无排行无提醒,31,0,0,0,1972.22
2020年3月,皖AT0666,04无排行无提醒,1,30,758.43,1709.5,56.98
2020年3月,皖AT0556,04无排行无提醒,0,0,0,0,0
2020年3月,皖AT0560,04无排行无提醒,31,0,0,0,4666.74
2020年3月,粤B3RC91,04无排行无提醒,31,0,0,0,259.47
2020年3月,粤B4C0S6,04无排行无提醒,31,0,0,0,583.11
2020年3月,粤STB959,04无排行无提醒,31,0,0,0,283.96
2020年3月,粤S09158,04无排行无提醒,31,0,0,0,309.69
2020年3月,粤B83CT2,04无排行无提醒,31,0,0,0,102.92
2020年3月,粤B0Y92H,04无排行无提醒,31,0,0,0,632.4
2020年3月,粤PR5795,04无排行无提醒,22,9,23.06,51.98,127.06
2020年4月,皖AT0623,04无排行无提醒,0,30,1057.39,2383.36,0
2020年4月,皖AT0608,04无排行无提醒,1,29,1017.4,2293.22,79.08
2020年4月,皖AT0658,04无排行无提醒,3,27,649.65,1464.31,162.7
2020年4月,皖AT0666,04无排行无提醒,0,30,1057.95,2384.62,0
2020年4月,皖AT0540,04无排行无提醒,0,30,1326.65,2990.27,0
2020年4月,皖AT0565,04无排行无提醒,0,30,1233.87,2781.14,0
2020年4月,粤BP439V,04无排行无提醒,10,20,136.04,306.63,153.32
2020年4月,粤STB959,04无排行无提醒,30,0,0,0,274.8
2020年4月,粤B4C0S6,04无排行无提醒,30,0,0,0,564.3
2020年4月,皖AT0616,04无排行无提醒,30,0,0,0,1908.6
2020年4月,粤PR5795,04无排行无提醒,1,29,79.4,178.97,6.17
2020年4月,皖AT0556,04无排行无提醒,0,0,0,0,0
2020年4月,粤S09158,04无排行无提醒,30,0,0,0,299.7
2020年4月,粤B83CT2,04无排行无提醒,30,0,0,0,99.6
2020年4月,皖AT0560,04无排行无提醒,30,0,0,0,4516.2
2020年4月,皖AT0661,04无排行无提醒,30,0,0,0,1977.6
2020年4月,粤B0Y92H,04无排行无提醒,30,0,0,0,612
2020年4月,粤B3RC91,04无排行无提醒,30,0,0,0,251.1
2020年5月,皖AT0565,04无排行无提醒,3,28,1247.83,2812.61,301.35
2020年5月,皖AT0540,04无排行无提醒,0,31,1304.1,2939.44,0
2020年5月,皖AT0658,04无排行无提醒,1,30,829.65,1870.03,62.33
2020年5月,皖AT0623,04无排行无提醒,0,31,1193.63,2690.44,0
2020年5月,皖AT0666,04无排行无提醒,15,16,645.71,1455.43,1364.47
2020年5月,皖AT0608,04无排行无提醒,1,30,1016,2290.06,76.34
2020年5月,粤BP439V,04无排行无提醒,4,27,155.72,350.99,52
2020年5月,粤PR5795,04无排行无提醒,3,28,56.39,127.1,13.62
2020年5月,皖AT0616,04无排行无提醒,31,0,0,0,1972.22
2020年5月,皖AT0556,04无排行无提醒,0,0,0,0,0
2020年5月,粤B4C0S6,04无排行无提醒,31,0,0,0,583.11
2020年5月,粤STB959,04无排行无提醒,31,0,0,0,283.96
2020年5月,粤B83CT2,04无排行无提醒,31,0,0,0,102.92
2020年5月,粤B0Y92H,04无排行无提醒,31,0,0,0,632.4
2020年5月,粤S09158,04无排行无提醒,31,0,0,0,309.69
2020年5月,皖AT0661,04无排行无提醒,31,0,0,0,2043.52
2020年5月,粤B3RC91,04无排行无提醒,31,0,0,0,259.47
2020年5月,皖AT0560,04无排行无提醒,31,0,0,0,4666.74
2020年6月,皖AT0540,04无排行无提醒,1,29,1279.35,2883.65,99.44
2020年6月,皖AT0565,04无排行无提醒,0,30,1598.94,3604.01,0
2020年6月,皖AT0608,04无排行无提醒,0,30,1677.92,3782.03,0
2020年6月,皖AT0623,04无排行无提醒,0,30,1235.26,2784.28,0
2020年6月,皖AT0658,04无排行无提醒,0,30,934.4,2106.14,0
2020年6月,粤BP439V,04无排行无提醒,7,23,91.79,206.89,62.97
2020年6月,粤S09158,04无排行无提醒,30,0,0,0,299.7
2020年6月,皖AT0616,04无排行无提醒,30,0,0,0,1908.6
2020年6月,皖AT0666,04无排行无提醒,30,0,0,0,2236.2
2020年6月,粤B3RC91,04无排行无提醒,30,0,0,0,251.1
2020年6月,皖AT0556,04无排行无提醒,0,0,0,0,0
2020年6月,粤B83CT2,04无排行无提醒,30,0,0,0,99.6
2020年6月,皖AT0560,04无排行无提醒,30,0,0,0,4516.2
2020年6月,粤PR5795,04无排行无提醒,6,24,41.47,93.47,23.37
2020年6月,皖AT0661,04无排行无提醒,30,0,0,0,1977.6
2020年6月,粤STB959,04无排行无提醒,30,0,0,0,274.8
2020年6月,粤B4C0S6,04无排行无提醒,30,0,0,0,564.3
2020年6月,粤B0Y92H,04无排行无提醒,30,0,0,0,612
2020年7月,皖AT0608,04无排行无提醒,0,15,821.57,1851.82,0
2020年7月,皖AT0623,04无排行无提醒,0,15,588.27,1325.96,0
2020年7月,皖AT0540,04无排行无提醒,0,15,742.96,1674.63,0
2020年7月,皖AT0658,04无排行无提醒,0,15,440.38,992.62,0
2020年7月,皖AT0565,04无排行无提醒,0,15,982.88,2215.41,0
2020年7月,粤BP439V,04无排行无提醒,1,14,69.5,156.65,11.19
2020年7月,皖AT0661,04无排行无提醒,15,0,0,0,988.8
2020年7月,皖AT0556,04无排行无提醒,0,0,0,0,0
2020年7月,皖AT0666,04无排行无提醒,15,0,0,0,1118.1
2020年7月,皖AT0616,04无排行无提醒,15,0,0,0,954.3
2020年7月,皖AT0560,04无排行无提醒,15,0,0,0,2258.1
2020年7月,粤B3RC91,04无排行无提醒,15,0,0,0,125.55
2020年7月,粤B4C0S6,04无排行无提醒,15,0,0,0,282.15
2020年7月,粤STB959,04无排行无提醒,15,0,0,0,137.4
2020年7月,粤S09158,04无排行无提醒,15,0,0,0,149.85
2020年7月,粤B83CT2,04无排行无提醒,15,0,0,0,49.8
2020年7月,粤B0Y92H,04无排行无提醒,15,0,0,0,306
2020年7月,粤PR5795,04无排行无提醒,3,12,22.55,50.83,12.71
2020年8月,皖AT0623,04无排行无提醒,0,31,1354.78,3053.67,0
2020年8月,皖AT0540,04无排行无提醒,0,31,1705.81,3844.9,0
2020年8月,皖AT0608,04无排行无提醒,0,31,1289.09,2905.61,0
2020年8月,皖AT0565,04无排行无提醒,0,31,1770.01,3989.6,0
2020年8月,皖AT0658,04无排行无提醒,0,31,1165.16,2626.27,0
2020年8月,皖AT0616,04无排行无提醒,31,0,0,0,1972.22
2020年8月,皖AT0661,04无排行无提醒,31,0,0,0,2043.52
2020年8月,皖AT0666,04无排行无提醒,31,0,0,0,2310.74
2020年8月,皖AT0556,04无排行无提醒,0,0,0,0,0
2020年8月,皖AT0560,04无排行无提醒,31,0,0,0,4666.74
2020年8月,粤B3RC91,04无排行无提醒,31,0,0,0,259.47
2020年8月,粤B4C0S6,04无排行无提醒,31,0,0,0,583.11
2020年8月,粤STB959,04无排行无提醒,31,0,0,0,283.96
2020年8月,粤S09158,04无排行无提醒,31,0,0,0,309.69
2020年8月,粤B83CT2,04无排行无提醒,31,0,0,0,102.92
2020年8月,粤B0Y92H,04无排行无提醒,31,0,0,0,632.4
2020年8月,粤BP439V,04无排行无提醒,31,0,0,0,354.64
2020年8月,粤PR5795,04无排行无提醒,31,0,0,0,152.52
2020年9月,皖AT0565,04无排行无提醒,0,30,1755.32,3956.49,0
2020年9月,皖AT0540,04无排行无提醒,0,30,1619.02,3649.27,0
2020年9月,皖AT0623,04无排行无提醒,0,30,1227.74,2767.33,0
2020年9月,皖AT0658,04无排行无提醒,1,29,941.15,2121.35,73.15
2020年9月,皖AT0608,04无排行无提醒,0,30,1121.76,2528.45,0
2020年9月,皖AT0560,04无排行无提醒,30,0,0,0,4516.2
2020年9月,皖AT0616,04无排行无提醒,30,0,0,0,1908.6
2020年9月,皖AT0666,04无排行无提醒,30,0,0,0,2236.2
2020年9月,皖AT0556,04无排行无提醒,0,0,0,0,0
2020年9月,皖AT0661,04无排行无提醒,30,0,0,0,1977.6
2020年9月,粤B3RC91,04无排行无提醒,30,0,0,0,251.1
2020年9月,粤B4C0S6,04无排行无提醒,30,0,0,0,564.3
2020年9月,粤STB959,04无排行无提醒,30,0,0,0,274.8
2020年9月,粤S09158,04无排行无提醒,30,0,0,0,299.7
2020年9月,粤B83CT2,04无排行无提醒,30,0,0,0,99.6
2020年9月,粤B0Y92H,04无排行无提醒,30,0,0,0,612
2020年9月,粤BP439V,04无排行无提醒,30,0,0,0,343.2
2020年9月,粤PR5795,04无排行无提醒,30,0,0,0,147.6
